location_id,country_iso_code,city
1407,UZ,Tashkent
1408,UZ,Tashkent
1409,UZ,Tashkent
1410,UZ,Tashkent
1411,UZ,
1412,UZ,Tashkent
1413,UZ,Tashkent
1414,UZ,Tashkent
1415,UZ,Tashkent
1416,UZ,Tashkent
1417,UZ,Tashkent
1418,UZ,Tashkent
1419,UZ,Tashkent
1420,UZ,Tashkent
1421,UZ,Tashkent
1422,UZ,Navoi
1423,UZ,Tashkent
1424,UZ,Tashkent
1425,UZ,Tashkent
1426,UZ,Tashkent
1427,UZ,Tashkent
1428,UZ,Tashkent
1429,UZ,Tashkent
1430,UZ,Tashkent
1431,UZ,Tashkent
1432,UZ,Tashkent
1433,UZ,
1434,UZ,Tashkent
1435,UZ,Tashkent
1436,UZ,Tashkent
1437,UZ,Tashkent
1438,UZ,
1439,UZ,Tashkent
1440,UZ,Tashkent
1441,RU,Kaliningrad
1442,UZ,Tashkent
1443,UZ,Tashkent
1444,UZ,Tashkent
1445,UZ,Tashkent
1446,UZ,Tashkent
1447,UZ,Tashkent
1448,UZ,Tashkent
1449,UZ,Tashkent
1450,UZ,Samarkand
1451,UZ,Tashkent
1452,UZ,Tashkent
1453,UZ,Tashkent
1454,UZ,Tashkent
1455,RU,Vladimir
1456,UZ,Tashkent
1457,UZ,Tashkent
1458,UZ,Tashkent
1459,UZ,Tashkent
1460,UZ,Tashkent
1461,UZ,Tashkent
1462,UZ,Tashkent
1463,UZ,Tashkent
1464,UZ,Tashkent
1465,PL,Warsaw
1466,UZ,Tashkent
1467,US,
1468,UZ,Tashkent
1469,UZ,Tashkent
1470,UZ,Tashkent
1471,UZ,
1472,UZ,Tashkent
1473,UZ,Tashkent
1474,UZ,Tashkent
1475,UZ,Tashkent
1476,UZ,Tashkent
1477,UZ,Navoi
1478,UZ,Tashkent
1479,UZ,Tashkent
1480,UZ,Tashkent
1481,UZ,Tashkent
1482,UZ,Tashkent
1483,UZ,Tashkent
1484,UZ,Tashkent
1485,UZ,Tashkent
1486,UZ,Tashkent
1487,UZ,Tashkent
1488,UZ,Tashkent
1489,UZ,Tashkent
1490,GB,London
1491,UZ,Tashkent
1492,UZ,Tashkent
1493,UZ,Tashkent
1494,UZ,Tashkent
1495,UZ,Tashkent
1496,UZ,Tashkent
1497,UZ,Tashkent
1498,UZ,Tashkent
1499,UZ,Tashkent
1500,UZ,Tashkent
1501,UZ,Tashkent
1502,UZ,Tashkent
1503,UZ,Tashkent
1504,UZ,Tashkent
1505,UZ,Tashkent
1506,UZ,Tashkent
1507,UZ,Tashkent
1508,UZ,Tashkent
1509,UZ,Tashkent
1510,UZ,Tashkent
1511,UZ,Tashkent
1512,UZ,Tashkent
1513,UZ,Tashkent
1514,UZ,Tashkent
1515,UZ,Tashkent
1516,UZ,Tashkent
1517,UZ,Tashkent
1518,UZ,Tashkent
1519,UZ,Samarkand
1520,UZ,Tashkent
1521,UZ,Samarkand
1522,UZ,Tashkent
1523,UZ,Tashkent
1524,UZ,Tashkent
1525,UZ,Tashkent
1526,UZ,Tashkent
1527,UZ,Tashkent
1528,UZ,Tashkent
1529,UZ,Tashkent
1530,UZ,Tashkent
1531,UZ,Tashkent
1532,UZ,Tashkent
1533,UZ,Tashkent
1534,UZ,Tashkent
1535,UZ,Tashkent
1536,UZ,Tashkent
1537,UZ,Tashkent
1538,UZ,
1539,UZ,Tashkent
1540,RU,
1541,UZ,Tashkent
1542,UZ,Tashkent
1543,UZ,Tashkent
1544,UZ,Tashkent
1545,UZ,Tashkent
1546,UZ,Tashkent
1547,UZ,
1548,UZ,Tashkent
1549,UZ,
1550,UZ,Tashkent
1551,UZ,Tashkent
1552,UZ,Tashkent
1553,UZ,Tashkent
1554,UZ,Tashkent
1555,UZ,Tashkent
1556,UZ,Tashkent
1557,UZ,Tashkent
1558,UZ,Tashkent
1559,UZ,Tashkent
1560,UZ,Tashkent
1561,UZ,Tashkent
1562,UZ,
1563,UZ,Tashkent
1564,UZ,Tashkent
1565,UZ,Tashkent
1566,UZ,Tashkent
1567,UZ,Tashkent
1568,UZ,Tashkent
1569,UZ,Tashkent
1570,UZ,Samarkand
1571,UZ,Tashkent
1572,UZ,Tashkent
1573,UZ,Tashkent
1574,UZ,Tashkent
1575,UZ,Tashkent
1576,UZ,Tashkent
1577,UZ,Tashkent
1578,UZ,Tashkent
1579,UZ,
1580,UZ,Tashkent
1581,UZ,Tashkent
1582,UZ,Tashkent
1583,UZ,Tashkent
1584,UZ,Tashkent
1585,UZ,Tashkent
1586,UZ,Tashkent
1587,UZ,Tashkent
1588,UZ,Tashkent
1589,UZ,Tashkent
1590,UZ,Tashkent
1591,UZ,Tashkent
1592,UZ,Tashkent
1593,UZ,Tashkent
1594,UZ,Tashkent
1595,UZ,Tashkent
1596,UZ,Tashkent
1597,UZ,Tashkent
1598,UZ,Tashkent
1599,UZ,Tashkent
1600,KZ,Astana
1601,UZ,Tashkent
1602,UZ,Tashkent
1603,UZ,Tashkent
1604,UZ,Tashkent
1605,UZ,
1606,UZ,Tashkent
1607,UZ,Tashkent
1608,UZ,Tashkent
1609,UZ,
1610,UZ,Tashkent
1611,PL,Warsaw
1612,UZ,Tashkent
1613,PL,Warsaw
1614,UZ,Tashkent
1615,UZ,Tashkent
1616,UZ,Tashkent
1617,UZ,Tashkent
1618,UZ,Tashkent
1619,UZ,Tashkent
1620,UZ,Tashkent
1621,US,New York
1622,UZ,Tashkent
1623,UZ,Tashkent
1624,UZ,Tashkent
1625,UZ,Tashkent
1626,UZ,Tashkent
1627,UZ,Tashkent
1628,UZ,Tashkent
1629,UZ,Tashkent
1630,UZ,
1631,UZ,Tashkent
1632,UZ,Tashkent
1633,UZ,Tashkent
1634,UZ,Tashkent
1635,UZ,
1636,UZ,Tashkent
1637,RU,Moscow
1638,UZ,Tashkent
1639,UZ,Tashkent
1640,UZ,Tashkent
1641,UZ,Tashkent
1642,UZ,Tashkent
1643,UZ,Tashkent
1644,UZ,Tashkent
1645,UZ,Tashkent
1646,UZ,Tashkent
1647,UZ,Tashkent
1648,UZ,Chirchiq
1649,UZ,Tashkent
1650,UZ,
1651,UZ,Tashkent
1652,UZ,Tashkent
1653,UZ,Tashkent
1654,UZ,Tashkent
1655,UZ,Tashkent
1656,UZ,Tashkent
1657,UZ,Tashkent
1658,UZ,Tashkent
1659,UZ,Tashkent
1660,UZ,Tashkent
1661,UZ,Tashkent
1662,UZ,Tashkent
1663,UZ,Tashkent
1664,UZ,Tashkent
1665,UZ,Tashkent
1666,UZ,Tashkent
1667,UZ,Tashkent
1668,UZ,Tashkent
1669,UZ,
1670,UZ,Namangan
1671,UZ,Tashkent
1672,US,Fort Worth
1673,UZ,Tashkent
1674,UZ,Tashkent
1675,UZ,Tashkent
1676,UZ,Tashkent
1677,UZ,
1678,UZ,Tashkent
1679,UZ,Tashkent
1680,UZ,Tashkent
1681,UZ,Tashkent
1682,UZ,Tashkent
1683,UZ,Tashkent
1684,UZ,
1685,UZ,Tashkent
1686,UZ,Tashkent
1687,UZ,Tashkent
1688,UZ,Tashkent
1689,UZ,Tashkent
1690,UZ,Tashkent
1691,UZ,Tashkent
1692,UZ,Tashkent
1693,UZ,Tashkent
1694,UZ,Tashkent
1695,UZ,Tashkent
1696,UZ,Samarkand
1697,UZ,Tashkent
1698,UZ,Tashkent
1699,UZ,Tashkent
1700,UZ,Tashkent
1701,UZ,Tashkent
1702,UZ,Tashkent
1703,UZ,Tashkent
1704,UZ,Tashkent
1705,UZ,Tashkent
1706,UZ,Tashkent
1707,UZ,Tashkent
1708,UZ,Tashkent
1709,UZ,Tashkent
1710,UZ,Tashkent
1711,UZ,Tashkent
1712,UZ,Tashkent
1713,UZ,Tashkent
1714,UZ,Tashkent
1715,UZ,Tashkent
1716,US,Ashburn
1717,UZ,Tashkent
1718,RU,Ivanteevka
1719,UZ,Tashkent
1720,UZ,Tashkent
1721,UZ,
1722,UZ,Tashkent
1723,UZ,Tashkent
1724,UZ,Navoi
1725,UZ,Tashkent
1726,UZ,Tashkent
1727,UZ,Tashkent
1728,UZ,Tashkent
1729,UZ,Tashkent
1730,UZ,Tashkent
1731,UZ,Tashkent
1732,UZ,Tashkent
1733,UZ,Tashkent
1734,UZ,Tashkent
1735,UZ,Tashkent
1736,UZ,Tashkent
1737,UZ,Tashkent
1738,UZ,Tashkent
1739,UZ,Tashkent
1740,UZ,Tashkent
1741,UZ,Tashkent
1742,UZ,Tashkent
1743,UZ,Tashkent
1744,UZ,Tashkent
1745,UZ,Tashkent
1746,UZ,
1747,UZ,Tashkent
1748,UZ,Tashkent
1749,UZ,Tashkent
1750,UZ,Tashkent
1751,RU,Vladimir
1752,UZ,Tashkent
1753,UZ,Tashkent
1754,UZ,Tashkent
1755,UZ,Tashkent
1756,UZ,Tashkent
1757,UZ,Tashkent
1758,UZ,Tashkent
1759,UZ,Tashkent
1760,UZ,Tashkent
1761,UZ,Tashkent
1762,UZ,Tashkent
1763,UZ,Tashkent
1764,UZ,Tashkent
1765,UZ,Tashkent
1766,UZ,Tashkent
1767,UZ,
1768,UZ,Tashkent
1769,UZ,Tashkent
1770,US,
1771,UZ,Tashkent
1772,UZ,Tashkent
1773,UZ,Tashkent
1774,UZ,Tashkent
1775,UZ,Tashkent
1776,UZ,Tashkent
1777,UZ,Tashkent
1778,UZ,Tashkent
1779,UZ,Tashkent
1780,UZ,Tashkent
1781,UZ,Tashkent
1782,UZ,Tashkent
1783,UZ,Tashkent
1784,UZ,Tashkent
1785,UZ,Tashkent
1786,UZ,Tashkent
1787,UZ,Andijan
1788,UZ,Tashkent
1789,UZ,Tashkent
1790,UZ,Tashkent
1791,UZ,Tashkent
1792,UZ,Tashkent
1793,UZ,Tashkent
1794,US,Ashburn
1795,UZ,Tashkent
1796,UZ,Tashkent
1797,UZ,Tashkent
1798,UZ,Tashkent
1799,UZ,Tashkent
1800,UZ,Tashkent
1801,UZ,Tashkent
1802,UZ,Tashkent
1803,UZ,Tashkent
1804,UZ,Tashkent
1805,UZ,Tashkent
1806,UZ,Tashkent
1807,UZ,Tashkent
1808,UZ,Tashkent
1809,UZ,Tashkent
1810,UZ,Tashkent
1811,UZ,Tashkent
1812,UZ,Tashkent
1813,UZ,Tashkent
1814,UZ,Tashkent
1815,UZ,Tashkent
1816,UZ,Tashkent
1817,UZ,Tashkent
1818,FR,Paris
1819,UZ,Tashkent
1820,UZ,Tashkent
1821,UZ,Tashkent
1822,UZ,Tashkent
1823,UZ,Tashkent
1824,UZ,Tashkent
1825,UZ,Tashkent
1826,UZ,Tashkent
1827,UZ,Tashkent
1828,UZ,Navoi
1829,UZ,Tashkent
1830,UZ,Namangan
1831,UZ,Tashkent
1832,UZ,Tashkent
1833,UZ,Tashkent
1834,UZ,
1835,UZ,Tashkent
1836,US,Ashburn
1837,UZ,Tashkent
1838,UZ,Tashkent
1839,RU,Vladimir
1840,UZ,Tashkent
1841,UZ,Tashkent
1842,UZ,Tashkent
1843,UZ,Tashkent
1844,UZ,Tashkent
1845,UZ,Tashkent
1846,UZ,Tashkent
1847,UZ,Tashkent
1848,UZ,Tashkent
1849,UZ,Tashkent
1850,UZ,Tashkent
1851,UZ,Tashkent
1852,UZ,Tashkent
1853,UZ,Navoi
1854,UZ,Tashkent
1855,UZ,Tashkent
1856,UZ,Tashkent
1857,UZ,Tashkent
1858,UZ,Tashkent
1859,UZ,Tashkent
1860,UZ,Samarkand
1861,UZ,Tashkent
1862,UZ,Tashkent
1863,UZ,Tashkent
1864,UZ,Tashkent
1865,UZ,Tashkent
1866,UZ,Tashkent
1867,UZ,
1868,UZ,Tashkent
1869,UZ,Tashkent
1870,UZ,
1871,UZ,Tashkent
1872,UZ,Tashkent
1873,UZ,Tashkent
1874,UZ,Tashkent
1875,UZ,Tashkent
1876,UZ,
1877,UZ,Tashkent
1878,UZ,Tashkent
1879,UZ,Tashkent
1880,UZ,Tashkent
1881,UZ,Tashkent
1882,TW,
1883,UZ,Tashkent
1884,UZ,Tashkent
1885,UZ,Tashkent
1886,UZ,Tashkent
1887,UZ,Tashkent
1888,UZ,Tashkent
1889,UZ,Tashkent
1890,UZ,Tashkent
1891,UZ,Tashkent
1892,UZ,Tashkent
1893,UZ,Tashkent
1894,UZ,Tashkent
1895,UZ,Tashkent
1896,UZ,Tashkent
1897,UZ,Tashkent
1898,UZ,Tashkent
1899,UZ,Tashkent
1900,UZ,Tashkent
1901,UZ,Tashkent
1902,UZ,Tashkent
1903,UZ,Tashkent
1904,UZ,Tashkent
1905,UZ,Tashkent
1906,UZ,Tashkent
1907,UZ,Tashkent
1908,UZ,Tashkent
1909,UZ,Tashkent
1910,UZ,Tashkent
1911,UZ,
1912,UZ,Tashkent
1913,UZ,Tashkent
1914,UZ,Tashkent
1915,UZ,Tashkent
1916,UZ,Tashkent
1917,UZ,Tashkent
1918,UZ,Tashkent
1919,UZ,
1920,UZ,Tashkent
1921,UZ,Tashkent
1922,UZ,Tashkent
1923,UZ,Tashkent
1924,UZ,Tashkent
1925,US,
1926,UZ,Tashkent
1927,UZ,Tashkent
1928,UZ,Tashkent
1929,UZ,Tashkent
1930,UZ,Tashkent
1931,UZ,Tashkent
1932,UZ,Tashkent
1933,UZ,Tashkent
1934,UZ,Tashkent
1935,IE,
1936,UZ,Tashkent
1937,UZ,Tashkent
1938,UZ,Tashkent
1939,UZ,Tashkent
1940,UZ,Tashkent
1941,UZ,Tashkent
1942,UZ,Tashkent
1943,UZ,Tashkent
1944,UZ,Tashkent
1945,UZ,Tashkent
1946,UZ,Tashkent
1947,UZ,Tashkent
1948,UZ,Tashkent
1949,UZ,Tashkent
1950,UZ,Tashkent
1951,UZ,Tashkent
1952,UZ,Tashkent
1953,UZ,Tashkent
1954,UZ,Tashkent
1955,UZ,Tashkent
1956,UZ,Tashkent
1957,UZ,Tashkent
1958,UZ,Tashkent
1959,UZ,Samarkand
1960,US,Ashburn
1961,UZ,Tashkent
1962,UZ,Tashkent
1963,UZ,Tashkent
1964,UZ,Tashkent
1965,LU,Luxembourg
1966,UZ,Tashkent
1967,UZ,Tashkent
1968,UZ,Tashkent
1969,UZ,Tashkent
1970,PL,Warsaw
1971,UZ,Tashkent
1972,UZ,Tashkent
1973,UZ,Tashkent
1974,UZ,Tashkent
1975,UZ,
1976,UZ,
1977,UZ,
1978,UZ,Tashkent
1979,UZ,Tashkent
1980,UZ,Tashkent
1981,UZ,Tashkent
1982,SE,LuleÃ¥
1983,UZ,
1984,UZ,Tashkent
1985,UZ,Tashkent
1986,UZ,Tashkent
1987,UZ,Tashkent
1988,UZ,Tashkent
1989,UZ,Tashkent
1990,UZ,Tashkent
1991,UZ,Tashkent
1992,UZ,Tashkent
1993,UZ,Tashkent
1994,UZ,Tashkent
1995,UZ,Tashkent
1996,UZ,Tashkent
1997,UZ,Tashkent
1998,UZ,Tashkent
1999,UZ,Tashkent
2000,UZ,Tashkent
2001,UZ,Tashkent
2002,UZ,Tashkent
2003,UZ,Tashkent
2004,UZ,Tashkent
2005,UZ,Tashkent
2006,UZ,Tashkent
2007,UZ,Tashkent
2008,UZ,Tashkent
2009,UZ,Tashkent
2010,UZ,Tashkent
2011,UZ,Tashkent
2012,UZ,Tashkent
2013,UZ,Tashkent
2014,UZ,Tashkent
2015,UZ,Tashkent
2016,UZ,Tashkent
2017,UZ,Tashkent
2018,RU,Kaliningrad
2019,UZ,
2020,UZ,Tashkent
2021,UZ,Tashkent
2022,UZ,Tashkent
2023,UZ,Tashkent
2024,UZ,Tashkent
2025,UZ,Tashkent
2026,UZ,Tashkent
2027,UZ,Tashkent
2028,UZ,Tashkent
2029,UZ,Tashkent
2030,UZ,Tashkent
2031,UZ,Tashkent
2032,UZ,Tashkent
2033,UZ,Tashkent
2034,UZ,Tashkent
2035,UZ,Tashkent
2036,UZ,Tashkent
2037,US,Ashburn
2038,UZ,Tashkent
2039,UZ,Tashkent
2040,UZ,Tashkent
2041,UZ,Tashkent
2042,UZ,Tashkent
2043,UZ,Tashkent
2044,UZ,Tashkent
2045,UZ,Tashkent
2046,UZ,Tashkent
2047,UZ,Tashkent
2048,UZ,Tashkent
2049,UZ,Tashkent
2050,UZ,Tashkent
2051,UZ,Tashkent
2052,UZ,Tashkent
2053,UZ,Tashkent
2054,RU,Vladimir
2055,UZ,Tashkent
2056,UZ,Tashkent
2057,UZ,Andijan
2058,UZ,Tashkent
2059,UZ,Tashkent
2060,UZ,Tashkent
2061,IN,Nagpur
2062,UZ,Tashkent
2063,UZ,Tashkent
2064,UZ,Tashkent
2065,UZ,Tashkent
2066,UZ,Tashkent
2067,UZ,Tashkent
2068,UZ,Tashkent
2069,UZ,Tashkent
2070,UZ,Tashkent
2071,UZ,Tashkent
2072,UZ,Tashkent
2073,UZ,Tashkent
2074,UZ,Tashkent
2075,UZ,Tashkent
2076,US,Mountain View
2077,UZ,Tashkent
2078,UZ,Tashkent
2079,UZ,Tashkent
2080,UZ,Tashkent
2081,UZ,Tashkent
2082,AU,Sydney
2083,UZ,Tashkent
2084,UZ,Tashkent
2085,UZ,Tashkent
2086,UZ,Tashkent
2087,UZ,Tashkent
2088,UZ,
2089,UZ,Tashkent
2090,UZ,Tashkent
2091,UZ,Tashkent
2092,UZ,Tashkent
2093,UZ,Tashkent
2094,UZ,Tashkent
2095,UZ,Tashkent
2096,UZ,Tashkent
2097,UZ,Tashkent
2098,UZ,Tashkent
2099,UZ,Tashkent
2100,UZ,Tashkent
2101,UZ,Tashkent
2102,UZ,Tashkent
2103,UZ,Tashkent
2104,UZ,Tashkent
2105,UZ,Tashkent
2106,UZ,Tashkent
2107,UZ,Tashkent
2108,UZ,Tashkent
2109,UZ,Tashkent
2110,UZ,Tashkent
2111,UZ,Tashkent
2112,UZ,Tashkent
2113,UZ,Tashkent
2114,UZ,Tashkent
2115,UZ,Tashkent
2116,UZ,Tashkent
2117,UZ,Tashkent
2118,UZ,Tashkent
2119,UZ,Tashkent
2120,UZ,
2121,UZ,Tashkent
2122,UZ,Tashkent
2123,UZ,Tashkent
2124,UZ,Tashkent
2125,UZ,Tashkent
2126,UZ,Tashkent
2127,UZ,Tashkent
2128,UZ,Tashkent
2129,UZ,Tashkent
2130,UZ,Tashkent
2131,UZ,Tashkent
2132,UZ,Tashkent
2133,UZ,Tashkent
2134,UZ,Tashkent
2135,UZ,Tashkent
2136,UZ,Tashkent
2137,UZ,Tashkent
2138,UZ,Tashkent
2139,UZ,Tashkent
2140,UZ,Dzhizak
2141,UZ,Tashkent
2142,UZ,Tashkent
2143,UZ,Tashkent
2144,UZ,Tashkent
2145,UZ,Tashkent
2146,UZ,Tashkent
2147,UZ,Tashkent
2148,UZ,Tashkent
2149,UZ,Tashkent
2150,UZ,Tashkent
2151,UZ,Tashkent
2152,UZ,Tashkent
2153,UZ,Tashkent
2154,UZ,Tashkent
2155,UZ,Tashkent
2156,UZ,Tashkent
2157,UZ,Tashkent
2158,UZ,Tashkent
2159,UZ,Tashkent
2160,UZ,Tashkent
2161,UZ,Tashkent
2162,UZ,Tashkent
2163,GB,London
2164,UZ,
2165,UZ,Tashkent
2166,UZ,Tashkent
2167,UZ,Tashkent
2168,UZ,Tashkent
2169,UZ,Tashkent
2170,UZ,Tashkent
2171,UZ,Tashkent
2172,UZ,Tashkent
2173,UZ,Tashkent
2174,UZ,Tashkent
2175,UZ,Tashkent
2176,UZ,Tashkent
2177,UZ,Tashkent
2178,UZ,Tashkent
2179,UZ,Tashkent
2180,RU,Vladimir
2181,UZ,Tashkent
2182,UZ,Tashkent
2183,UZ,Tashkent
2184,UZ,Tashkent
2185,UZ,Tashkent
2186,UZ,Phergana
2187,UZ,Tashkent
2188,UZ,Samarkand
2189,UZ,Tashkent
2190,UZ,Tashkent
2191,UZ,Tashkent
2192,UZ,Tashkent
2193,UZ,Samarkand
2194,UZ,Tashkent
2195,UZ,Tashkent
2196,UZ,Tashkent
2197,UZ,Tashkent
2198,UZ,Tashkent
2199,UZ,Tashkent
2200,IL,Holon
2201,UZ,Tashkent
2202,UZ,
2203,UZ,Tashkent
2204,UZ,Tashkent
2205,UZ,Tashkent
2206,UZ,Tashkent
2207,UZ,Tashkent
2208,UZ,Tashkent
2209,UZ,Tashkent
2210,UZ,Tashkent
2211,UZ,Tashkent
2212,UZ,
2213,UZ,Tashkent
2214,UZ,Tashkent
2215,UZ,Tashkent
2216,UZ,Tashkent
2217,UZ,Tashkent
2218,UZ,Tashkent
2219,UZ,Tashkent
2220,UZ,Tashkent
2221,UZ,Tashkent
2222,UZ,Tashkent
2223,KZ,Almaty
2224,UZ,Tashkent
2225,UZ,Tashkent
2226,UZ,Tashkent
2227,UZ,Tashkent
2228,UZ,Tashkent
2229,UZ,Tashkent
2230,UZ,Tashkent
2231,UZ,Tashkent
2232,UZ,Tashkent
2233,UZ,Tashkent
2234,UZ,Tashkent
2235,UZ,Tashkent
2236,UZ,Tashkent
2237,UZ,Tashkent
2238,UZ,Tashkent
2239,UZ,Tashkent
2240,UZ,Tashkent
2241,UZ,Tashkent
2242,UZ,Tashkent
2243,UZ,Tashkent
2244,UZ,Tashkent
2245,UZ,Tashkent
2246,UZ,Tashkent
2247,UZ,Tashkent
2248,UZ,Tashkent
2249,UZ,Tashkent
2250,UZ,Navoi
2251,UZ,Samarkand
2252,UZ,Tashkent
2253,UZ,Tashkent
2254,FR,
2255,UZ,Tashkent
2256,UZ,Tashkent
2257,UZ,Tashkent
2258,UZ,Tashkent
2259,UZ,Tashkent
2260,UZ,Tashkent
2261,UZ,Tashkent
2262,UZ,Tashkent
2263,UZ,Tashkent
2264,UZ,Tashkent
2265,UZ,Tashkent
2266,NL,
2267,UZ,Tashkent
2268,UZ,Tashkent
2269,UZ,Tashkent
2270,RU,Ivanteevka
2271,UZ,Tashkent
2272,UZ,Tashkent
2273,UZ,Tashkent
2274,UZ,Tashkent
2275,DE,Wiesbaden
2276,UZ,
2277,UZ,Tashkent
2278,UZ,Tashkent
2279,UZ,Tashkent
2280,UZ,Tashkent
2281,UZ,Tashkent
2282,UZ,Tashkent
2283,UZ,Tashkent
2284,UZ,Tashkent
2285,UZ,Tashkent
2286,UZ,Tashkent
2287,UZ,Tashkent
2288,UZ,Tashkent
2289,UZ,Samarkand
2290,UZ,Tashkent
2291,RU,Vladimir
2292,UZ,Tashkent
2293,UZ,Tashkent
2294,UZ,Tashkent
2295,UZ,
2296,NL,
2297,UZ,Tashkent
2298,UZ,Tashkent
2299,UZ,Tashkent
2300,UZ,Tashkent
2301,UZ,Tashkent
2302,UZ,Tashkent
2303,UZ,Tashkent
2304,UZ,Tashkent
2305,UZ,Tashkent
2306,UZ,Tashkent
2307,GB,London
2308,UZ,Tashkent
2309,UZ,Tashkent
2310,UZ,Tashkent
2311,UZ,Tashkent
2312,UZ,Tashkent
2313,UZ,Tashkent
2314,UZ,Samarkand
2315,UZ,Tashkent
2316,UZ,Tashkent
2317,UZ,Tashkent
2318,UZ,Tashkent
2319,UZ,Tashkent
2320,UZ,Tashkent
2321,UZ,Tashkent
2322,UZ,Tashkent
2323,UZ,Tashkent
2324,UZ,Tashkent
2325,UZ,Tashkent
2326,UZ,Tashkent
2327,UZ,Tashkent
2328,UZ,Tashkent
2329,UZ,Tashkent
2330,UZ,Tashkent
2331,UZ,
2332,UZ,Tashkent
2333,UZ,Tashkent
2334,UZ,Tashkent
2335,UZ,Tashkent
2336,UZ,Tashkent
2337,UZ,Tashkent
2338,UZ,Tashkent
2339,UZ,Tashkent
2340,UZ,Tashkent
2341,UZ,Tashkent
2342,UZ,Tashkent
2343,UZ,Tashkent
2344,UZ,Tashkent
2345,UZ,Tashkent
2346,UZ,Tashkent
2347,UZ,Navoi
2348,UZ,Tashkent
2349,UZ,
2350,UZ,Tashkent
2351,UZ,Tashkent
2352,UZ,Tashkent
2353,UZ,Samarkand
2354,UZ,Tashkent
2355,UZ,Tashkent
2356,UZ,Andijan
2357,UZ,Tashkent
2358,UZ,Tashkent
2359,UZ,
2360,UZ,Tashkent
2361,UZ,Tashkent
2362,UZ,Tashkent
2363,UZ,Tashkent
2364,UZ,Tashkent
2365,UZ,Tashkent
2366,UZ,Tashkent
2367,UZ,Tashkent
2368,UZ,Tashkent
2369,UZ,Tashkent
2370,UZ,Tashkent
2371,UZ,Tashkent
2372,UZ,Tashkent
2373,UZ,Tashkent
2374,UZ,
2375,UZ,
2376,UZ,Tashkent
2377,UZ,Tashkent
2378,UZ,Tashkent
2379,UZ,Tashkent
2380,UZ,Tashkent
2381,UZ,Tashkent
2382,UZ,
2383,UZ,Tashkent
2384,UZ,Tashkent
2385,UZ,Tashkent
2386,UZ,Tashkent
2387,UZ,Tashkent
2388,UZ,Tashkent
2389,UZ,Tashkent
2390,UZ,Tashkent
2391,UZ,Tashkent
2392,UZ,Tashkent
2393,UZ,Tashkent
2394,UZ,Tashkent
2395,UZ,Tashkent
2396,UZ,Tashkent
2397,UZ,Tashkent
2398,UZ,Tashkent
2399,UZ,Tashkent
2400,UZ,Tashkent
2401,UZ,Tashkent
2402,UZ,Tashkent
2403,UZ,Tashkent
2404,RU,Moscow
2405,US,Nashville
2406,UZ,Tashkent
2407,UZ,
2408,UZ,Tashkent
2409,UZ,Tashkent
2410,UZ,Tashkent
2411,UZ,Tashkent
2412,UZ,Tashkent
2413,UZ,Tashkent
2414,UZ,Tashkent
2415,UZ,
2416,UZ,Tashkent
2417,UZ,Tashkent
2418,UZ,Tashkent
2419,UZ,Tashkent
2420,UZ,Tashkent
2421,UZ,Tashkent
2422,UZ,Tashkent
2423,UZ,Tashkent
2424,UZ,Tashkent
2425,UZ,Tashkent
2426,UZ,Tashkent
2427,UZ,Tashkent
2428,UZ,Tashkent
2429,UZ,Tashkent
2430,UZ,Tashkent
2431,UZ,Tashkent
2432,UZ,Tashkent
2433,UZ,
2434,UZ,Tashkent
2435,UZ,Tashkent
2436,UZ,Tashkent
2437,UZ,Tashkent
2438,UZ,Tashkent
2439,UZ,Tashkent
2440,UZ,Tashkent
2441,UZ,Tashkent
2442,UZ,Tashkent
2443,UZ,Tashkent
2444,UZ,Tashkent
2445,UZ,Tashkent
2446,UZ,Tashkent
2447,UZ,Tashkent
2448,UZ,Tashkent
2449,UZ,Tashkent
2450,UZ,Tashkent
2451,UZ,Tashkent
2452,UZ,Tashkent
2453,UZ,Tashkent
2454,UZ,Tashkent
2455,UZ,Tashkent
2456,UZ,Tashkent
2457,UZ,Tashkent
2458,UZ,Tashkent
2459,UZ,
2460,UZ,Tashkent
2461,UZ,Tashkent
2462,UZ,Navoi
2463,UZ,Tashkent
2464,UZ,Tashkent
2465,UZ,Tashkent
2466,UZ,Tashkent
2467,UZ,
2468,UZ,Tashkent
2469,UZ,Bukhara
2470,UZ,Tashkent
2471,UZ,Tashkent
2472,UZ,Tashkent
2473,UZ,Tashkent
2474,UZ,Tashkent
2475,UZ,Tashkent
2476,UZ,Tashkent
2477,UZ,Andijan
2478,UZ,Tashkent
2479,UZ,Tashkent
2480,UZ,Tashkent
2481,UZ,Tashkent
2482,UZ,Tashkent
2483,UZ,Tashkent
2484,UZ,Tashkent
2485,UZ,Tashkent
2486,UZ,Tashkent
2487,UZ,Tashkent
2488,UZ,Tashkent
2489,UZ,Tashkent
2490,UZ,
2491,UZ,Samarkand
2492,UZ,Tashkent
2493,UZ,Tashkent
2494,UZ,Tashkent
2495,UZ,Tashkent
2496,UZ,Tashkent
2497,UZ,Tashkent
2498,UZ,Tashkent
2499,UZ,Tashkent
2500,UZ,Tashkent
2501,UZ,Phergana
2502,UZ,Tashkent
2503,UZ,Tashkent
2504,UZ,Tashkent
2505,UZ,Tashkent
2506,UZ,Tashkent
2507,UZ,Tashkent
2508,UZ,Tashkent
2509,UZ,Tashkent
2510,UZ,Tashkent
2511,UZ,Tashkent
2512,UZ,Tashkent
2513,UZ,Tashkent
2514,UZ,Tashkent
2515,UZ,Tashkent
2516,UZ,Tashkent
2517,UZ,Navoi
2518,UZ,Tashkent
2519,UZ,Tashkent
2520,UZ,Tashkent
2521,UZ,Tashkent
2522,UZ,Tashkent
2523,UZ,
2524,UZ,Tashkent
2525,US,
2526,UZ,Tashkent
2527,UZ,Tashkent
2528,UZ,Tashkent
2529,UZ,Tashkent
2530,UZ,Tashkent
2531,UZ,Tashkent
2532,UZ,
2533,UZ,Tashkent
2534,UZ,Tashkent
2535,UZ,Tashkent
2536,UZ,Tashkent
2537,UZ,Tashkent
2538,UZ,Tashkent
2539,UZ,Tashkent
2540,UZ,Tashkent
2541,UZ,Tashkent
2542,US,Ashburn
2543,GB,London
2544,UZ,Tashkent
2545,UZ,Tashkent
2546,UZ,Tashkent
2547,UZ,Tashkent
2548,UZ,Tashkent
2549,UZ,Tashkent
2550,UZ,Tashkent
2551,UZ,Tashkent
2552,UZ,Tashkent
2553,UZ,Tashkent
2554,UZ,Urgench
2555,UZ,Tashkent
2556,UZ,Tashkent
2557,UZ,Tashkent
2558,UZ,Tashkent
2559,UZ,Tashkent
2560,UZ,Tashkent
2561,UZ,Tashkent
2562,UZ,Tashkent
2563,UZ,Tashkent
2564,UZ,Tashkent
2565,UZ,Tashkent
2566,UZ,Tashkent
2567,UZ,Tashkent
2568,UZ,Tashkent
2569,UZ,Samarkand
2570,UZ,Tashkent
2571,UZ,Tashkent
2572,UZ,Tashkent
2573,UZ,Tashkent
2574,UZ,Tashkent
2575,UZ,Tashkent
2576,UZ,Tashkent
2577,UZ,Tashkent
2578,RU,Vladimir
2579,UZ,Tashkent
2580,PL,Warsaw
2581,UZ,Tashkent
2582,UZ,Tashkent
2583,UZ,Tashkent
2584,UZ,Tashkent
2585,UZ,Tashkent
2586,UZ,Tashkent
2587,UZ,Tashkent
2588,UZ,Tashkent
2589,UZ,Samarkand
2590,UZ,Tashkent
2591,UZ,Tashkent
2592,UZ,Tashkent
2593,UZ,Tashkent
2594,UZ,Tashkent
2595,UZ,Tashkent
2596,UZ,Tashkent
2597,UZ,Tashkent
2598,UZ,Tashkent
2599,UZ,Tashkent
2600,UZ,Tashkent
2601,UZ,Tashkent
2602,UZ,Tashkent
2603,PL,Warsaw
2604,UZ,Tashkent
2605,UZ,Tashkent
2606,UZ,Tashkent
2607,SE,LuleÃ¥
2608,UZ,Tashkent
2609,UZ,Tashkent
2610,UZ,Tashkent
2611,UZ,Tashkent
2612,UZ,
2613,UZ,
2614,UZ,Tashkent
2615,UZ,Tashkent
2616,UZ,Tashkent
2617,UZ,Tashkent
2618,UZ,
2619,UZ,Tashkent
2620,UZ,Tashkent
2621,UZ,Tashkent
2622,UZ,Tashkent
2623,RU,Moscow
2624,UZ,Tashkent
2625,UZ,Tashkent
2626,UZ,Tashkent
2627,UZ,Tashkent
2628,UZ,Tashkent
2629,UZ,Tashkent
2630,UZ,Tashkent
2631,UZ,Tashkent
2632,UZ,Tashkent
2633,UZ,Tashkent
2634,UZ,Tashkent
2635,UZ,Tashkent
2636,UZ,Tashkent
2637,UZ,Tashkent
2638,UZ,Tashkent
2639,UZ,Tashkent
2640,UZ,Tashkent
2641,UZ,Tashkent
2642,UZ,Tashkent
2643,UZ,
2644,UZ,Tashkent
2645,UZ,Tashkent
2646,UZ,Tashkent
2647,UZ,Tashkent
2648,UZ,Tashkent
2649,UZ,Tashkent
2650,UZ,Tashkent
2651,UZ,Tashkent
2652,UZ,Tashkent
2653,UZ,Tashkent
2654,UZ,Tashkent
2655,UZ,Tashkent
2656,UZ,Tashkent
2657,UZ,Tashkent
2658,UZ,Tashkent
2659,UZ,Tashkent
2660,TR,Istanbul
2661,UZ,Tashkent
2662,UZ,Tashkent
2663,UZ,Tashkent
2664,UZ,Tashkent
2665,UZ,Tashkent
2666,UZ,Tashkent
2667,UZ,Tashkent
2668,UZ,Tashkent
2669,UZ,Tashkent
2670,UZ,Tashkent
2671,UZ,Tashkent
2672,UZ,Tashkent
2673,UZ,Tashkent
2674,UZ,Tashkent
2675,UZ,Tashkent
2676,UZ,Tashkent
2677,UZ,Tashkent
2678,UZ,Tashkent
2679,UZ,Tashkent
2680,UZ,Tashkent
2681,UZ,Tashkent
2682,UZ,Tashkent
2683,DE,Wiesbaden
2684,UZ,Tashkent
2685,RU,Vladivostok
2686,UZ,Tashkent
2687,UZ,Tashkent
2688,UZ,Tashkent
2689,US,Ashburn
2690,UZ,Tashkent
2691,UZ,Tashkent
2692,UZ,Andijan
2693,UZ,Tashkent
2694,UZ,Tashkent
2695,UZ,Tashkent
2696,UZ,Tashkent
2697,UZ,Tashkent
2698,UZ,Tashkent
2699,UZ,Tashkent
2700,UZ,Tashkent
2701,UZ,Tashkent
2702,UZ,Tashkent
2703,UZ,Tashkent
2704,UZ,Tashkent
2705,UZ,Tashkent
2706,UZ,Tashkent
2707,UZ,Tashkent
2708,PL,Mosina
2709,UZ,Tashkent
2710,UZ,Tashkent
2711,UZ,
2712,UZ,Tashkent
2713,UZ,Tashkent
2714,UZ,Tashkent
2715,UZ,Tashkent
2716,UZ,Samarkand
2717,MY,Putrajaya
2718,UZ,Tashkent
2719,UZ,Tashkent
2720,UZ,Tashkent
2721,UZ,Samarkand
2722,UZ,Tashkent
2723,UZ,Tashkent
2724,UZ,Tashkent
2725,UZ,Tashkent
2726,UZ,Tashkent
2727,UZ,Tashkent
2728,US,Ashburn
2729,UZ,Tashkent
2730,UZ,Tashkent
2731,UZ,
2732,UZ,Tashkent
2733,RU,Moscow
2734,UZ,Tashkent
2735,UZ,Tashkent
2736,UZ,Tashkent
2737,UZ,Tashkent
2738,UZ,Tashkent
2739,UZ,Tashkent
2740,UZ,Tashkent
2741,UZ,
2742,UZ,Tashkent
2743,UZ,Tashkent
2744,UZ,Tashkent
2745,UZ,Tashkent
2746,UZ,Tashkent
2747,UZ,Tashkent
2748,UZ,Tashkent
2749,UZ,Tashkent
2750,UZ,Tashkent
2751,UZ,
2752,UZ,Tashkent
2753,UZ,Tashkent
2754,UZ,Tashkent
2755,UZ,Tashkent
2756,UZ,Tashkent
2757,UZ,Tashkent
2758,UZ,Tashkent
2759,UZ,Tashkent
2760,UZ,Tashkent
2761,UZ,Tashkent
2762,UZ,Tashkent
2763,UZ,Tashkent
2764,UZ,Tashkent
2765,UZ,Tashkent
2766,UZ,Tashkent
2767,UZ,Tashkent
2768,UZ,Tashkent
2769,UZ,Tashkent
2770,UZ,
2771,UZ,Tashkent
2772,UZ,Tashkent
2773,UZ,Tashkent
2774,UZ,Tashkent
2775,UZ,Tashkent
2776,UZ,Tashkent
2777,UZ,Tashkent
2778,UZ,Tashkent
2779,UZ,Phergana
2780,UZ,Tashkent
2781,UZ,Tashkent
2782,UZ,Tashkent
2783,UZ,Tashkent
2784,UZ,Tashkent
2785,UZ,Tashkent
2786,UZ,Tashkent
2787,UZ,Tashkent
2788,UZ,Tashkent
2789,UZ,Tashkent
2790,UZ,Tashkent
2791,UZ,Tashkent
2792,UZ,Tashkent
2793,UZ,Tashkent
2794,UZ,Tashkent
2795,UZ,Tashkent
2796,UZ,
2797,UZ,Tashkent
2798,UZ,Tashkent
2799,UZ,Tashkent
2800,UZ,Tashkent
2801,UZ,Tashkent
2802,UZ,Tashkent
2803,UZ,Tashkent
2804,UZ,Andijan
2805,UZ,Tashkent
2806,UZ,Tashkent
2807,UZ,Tashkent
2808,RU,
2809,UZ,Tashkent
2810,UZ,Tashkent
2811,UZ,Tashkent
2812,UZ,Tashkent