tracker_id,tracking_id,tracker_name
1407,,Instagram
1408,,Korzinka_App_catalague
1409,,Landing_Korzinka_Go_Google_play
1410,,"ARIEL_???.??????? ""lenor effect"" 3??[20 ???????, ??????]"
1411,,"SHERIN_??????? ???????? 700?? ± 20??[22 ???????, ???10]"
1412,,Landing_Korzinka_Go_Google_play
1413,,??? ?? ???????? ? ???? ? ?? ???????? ?? ??????????
1414,,??? ?? ???????? ? ???? ? ?? ???????? ?? ??????????
1415,,Korzinka_ App_Stories
1416,,Korzinka_App_catalague
1417,,Korzinka_App_catalague
1418,,"SHERIN_??????? ???????? 700?? ± 20??[22 ???????, ???10]"
1419,,??? ?? ???????? ? ???? ? ?? ???????? ?? ??????????
1420,,Korzinka_Web_catalague
1421,,"ABC ???. ??????? Color 3??[22 ???????, ??????]"
1422,,Korzinka_App_catalague
1423,,Korzinka_App_catalague
1424,,Landing_Korzinka_Go_Google_play
1425,,Landing_Korzinka_Go_Google_play
1426,,Push App Korzinka Core
1427,,??? ?? ???????? ? ???? ? ?? ???????? ?? ??????????
1428,,"?????? ????????_GF (?? 2?? ?? 3??), ???[22 ???????, ??????]"
1429,,Korzinka_App_catalague
1430,,"?????? ????????_GF (?? 2?? ?? 3??), ???[22 ???????, ??????]"
1431,,??? ?? ???????? ? ???? ? ?? ???????? ?? ??????????
1432,,Lockscreen_app_link
1433,,Korzinka_App_catalague
1434,,"?????? ????????_GF (?? 2?? ?? 3??), ???[22 ???????, ??????]"
1435,,Landing_Korzinka_Go_app_store
1436,,Korzinka_Web_catalague
1437,,Korzinka_App_catalague
1438,,Korzinka_App_catalague
1439,,Korzinka_App_catalague
1440,,"VALIO_????? ????????? 82% ???[22 ???????, ??????]"
1441,,Landing_Korzinka_Go_app_store
1442,,??? ?? ???????? ? ???? ? ?? ???????? ?? ??????????
1443,,Korzinka_App_catalague
1444,,Korzinka_App_catalague
1445,,"?????? ????????_GF (?? 2?? ?? 3??), ???[22 ???????, ??????]"
1446,,"GREEN RAY Kukuruza 425ml 340g [12][22 ???????, ???10]"
1447,,Landing_Korzinka_Go_Google_play
1448,,"ARIEL_???.??????? ""lenor effect"" 3??[20 ???????, ??????]"
1449,,"???? ????????? ?/???? 365 kun 2??[22 ???????, ??????]"
1450,,Korzinka_App_catalague
1451,,Push App Korzinka Core
1452,,Korzinka_Web_catalague
1453,,Landing_Korzinka_Go_qr
1454,,"???? ????, ???[22 ???????, ???10]"
1455,,"?????? ????????_GF (?? 2?? ?? 3??), ???[22 ???????, ??????]"
1456,,web_site_lending_link
1457,,Korzinka_App_catalague
1458,,"???? ????, ???[22 ???????, ???10]"
1459,,??? ?? ???????? ? ???? ? ?? ???????? ?? ??????????
1460,,Instagram
1461,,"GREEN RAY Kukuruza 425ml 340g [12][22 ???????, ???10]"
1462,,web_site_lending_link
1463,,web_site_lending_link
1464,,Korzinka_App_catalague
1465,,Korzinka_App_catalague
1466,,"???? ????, ???[22 ???????, ???10]"
1467,,Lockscreen_app_link
1468,,????
1469,,????
1470,,Push App Korzinka Core
1471,,??? ?? ???????? ? ???? ? ?? ???????? ?? ??????????
1472,,????????? ??????? ???????
1473,,Korzinka_App_catalague
1474,,??? ?? ???????? ? ???? ? ?? ???????? ?? ??????????
1475,,Korzinka_App_catalague
1476,,????
1477,,Korzinka_App_catalague
1478,,??? ?? ???????? ? ???? ? ?? ???????? ?? ??????????
1479,,Instagram
1480,,Korzinka_App_catalague
1481,,Korzinka_App_catalague
1482,,"???? ??? ??? ?????????? ? ?????????, ???? ???? ? ?????[22 ???????, ???10]"
1483,,Lockscreen_app_link
1484,,Landing_Korzinka_Go_Google_play
1485,,Landing_Korzinka_Go_app_store
1486,,Landing_Korzinka_Go_app_store
1487,,??? ?? ???????? ? ???? ? ?? ???????? ?? ??????????
1488,,??? ?? ???????? ? ???? ? ?? ???????? ?? ??????????
1489,,Meta_CPM
1490,,web_site_lending_link
1491,,Korzinka_App_catalague
1492,,Korzinka_App_catalague
1493,,????
1494,,PR
1495,,"SHERIN_??????? ???????? 700?? ± 20??[22 ???????, ???10]"
1496,,"SHERIN_??????? ???????? 700?? ± 20??[22 ???????, ???10]"
1497,,Landing_Korzinka_Go_app_store
1498,,Korzinka_Web_catalague
1499,,"ABC ???. ??????? Color 3??[22 ???????, ??????]"
1500,,"ALEKSEEVSKOYE sgush s sah 8.5% JB 360g [45][20 ???????, ???10]"
1501,,Korzinka_App_catalague
1502,,Korzinka_App_catalague
1503,,Korzinka_App_catalague
1504,,Korzinka_App_catalague
1505,,Korzinka_App_catalague
1506,,Korzinka_App_catalague
1507,,Landing_Korzinka_Go_Google_play
1508,,Landing_Korzinka_Go_Google_play
1509,,??? ?? ???????? ? ???? ? ?? ???????? ?? ??????????
1510,,Korzinka_Web_catalague
1511,,PR
1512,,web_site_lending_link
1513,,Korzinka_App_catalague
1514,,Korzinka_App_catalague
1515,,Korzinka_App_catalague
1516,,Korzinka_App_catalague
1517,,????
1518,,??? ?? ???????? ? ???? ? ?? ???????? ?? ??????????
1519,,"???? ????????? ?/???? 365 kun 2??[22 ???????, ??????]"
1520,,Korzinka_App_catalague
1521,,Lockscreen_app_link
1522,,"VALIO_????? ????????? 82% ???[22 ???????, ??????]"
1523,,Lockscreen_app_link
1524,,"SHERIN_??????? ???????? 700?? ± 20??[22 ???????, ???10]"
1525,,Landing_Korzinka_Go_Google_play
1526,,??? ?? ???????? ? ???? ? ?? ???????? ?? ??????????
1527,,Korzinka_Web_catalague
1528,,Korzinka_Web_catalague
1529,,"???? ????, ???[22 ???????, ???10]"
1530,,Landing_Korzinka_Go_app_store
1531,,Korzinka_App_catalague
1532,,Korzinka_App_catalague
1533,,Korzinka_App_catalague
1534,,Landing_Korzinka_Go_Google_play
1535,,Landing_Korzinka_Go_Google_play
1536,,Korzinka_App_catalague
1537,,Korzinka_App_catalague
1538,,Korzinka_App_catalague
1539,,Landing_Korzinka_Go_Google_play
1540,,Landing_Korzinka_Go_app_store
1541,,??? ?? ???????? ? ???? ? ?? ???????? ?? ??????????
1542,,??? ?? ???????? ? ???? ? ?? ???????? ?? ??????????
1543,,web_site_lending_link
1544,,Korzinka_App_catalague
1545,,Korzinka_App_catalague
1546,,Korzinka_App_catalague
1547,,Korzinka_App_catalague
1548,,????
1549,,Landing_Korzinka_Go_Google_play
1550,,??? ?? ???????? ? ???? ? ?? ???????? ?? ??????????
1551,,??? ?? ???????? ? ???? ? ?? ???????? ?? ??????????
1552,,Lockscreen_app_link
1553,,????
1554,,??? ?? ???????? ? ???? ? ?? ???????? ?? ??????????
1555,,"????? NAN 3 Optipro 1050?[22 ???????, ???10]"
1556,,Korzinka_App_catalague
1557,,Korzinka_App_catalague
1558,,Landing_Korzinka_Go_Google_play
1559,,Push App Korzinka Core
1560,,Korzinka_App_catalague
1561,,Korzinka_App_catalague
1562,,Korzinka_App_catalague
1563,,Landing_Korzinka_Go_app_store
1564,,Landing_Korzinka_Go_app_store
1565,,Korzinka_App_catalague
1566,,??? ?? ???????? ? ???? ? ?? ???????? ?? ??????????
1567,,Meta_CPM
1568,,Korzinka_App_catalague
1569,,????
1570,,Landing_Korzinka_Go_Google_play
1571,,??????? ? ????????? ?????? ? ?? ????????
1572,,Korzinka_Web_catalague
1573,,"????? NAN 3 Optipro 1050?[22 ???????, ???10]"
1574,,Korzinka_ App_Stories
1575,,Instagram
1576,,Korzinka_App_catalague
1577,,Korzinka_App_catalague
1578,,Lockscreen_app_link
1579,,Landing_Korzinka_Go_app_store
1580,,??????? ? ????????? ?????? ? ?? ????????
1581,,Landing_Korzinka_Go_qr
1582,,PR
1583,,web_site_lending_link
1584,,Korzinka_App_catalague
1585,,??? ?? ???????? ? ???? ? ?? ???????? ?? ??????????
1586,,Korzinka_Web_catalague
1587,,Meta_CPM
1588,,??????? ? ????????? ?????? ? ?? ????????
1589,,Korzinka_ App_Stories
1590,,Korzinka_App_catalague
1591,,Korzinka_App_catalague
1592,,"VALIO_????? ????????? 82% ???[22 ???????, ??????]"
1593,,Landing_Korzinka_Go_Google_play
1594,,"???.?????? Alpen Gold ???????? 85?[21 ???????, ???10]"
1595,,Korzinka_App_catalague
1596,,Korzinka_App_catalague
1597,,??? ?? ???????? ? ???? ? ?? ???????? ?? ??????????
1598,,??? ?? ???????? ? ???? ? ?? ???????? ?? ??????????
1599,,Korzinka_App_catalague
1600,,Korzinka_App_catalague
1601,,??? ?? ???????? ? ???? ? ?? ???????? ?? ??????????
1602,,PR
1603,,Korzinka_App_catalague
1604,,Lockscreen_app_link
1605,,Landing_Korzinka_Go_Google_play
1606,,Landing_Korzinka_Go_Google_play
1607,,??? ?? ???????? ? ???? ? ?? ???????? ?? ??????????
1608,,??? ?? ???????? ? ???? ? ?? ???????? ?? ??????????
1609,,Korzinka_ App_Stories
1610,,Korzinka_App_catalague
1611,,Korzinka_App_catalague
1612,,??????? ? ????????? ?????? ? ?? ????????
1613,,"Jacobs Gold ?/? 95??[18 ???????, ??????]"
1614,,"ABC ???. ??????? Color 3??[22 ???????, ??????]"
1615,,"?????. ?????????? 365 kun 1000?[22 ???????, ???10]"
1616,,"????? NAN 3 Optipro 1050?[22 ???????, ???10]"
1617,,Korzinka_App_catalague
1618,,"SHERIN_??????? ???????? 700?? ± 20??[22 ???????, ???10]"
1619,,Korzinka_App_catalague
1620,,Korzinka_App_catalague
1621,,Korzinka_App_catalague
1622,,"GREEN RAY Kukuruza 425ml 340g [12][22 ???????, ???10]"
1623,,Meta_CPM
1624,,Korzinka_App_catalague
1625,,"SHERIN_??????? ???????? 700?? ± 20??[22 ???????, ???10]"
1626,,"SHERIN_??????? ???????? 700?? ± 20??[22 ???????, ???10]"
1627,,"C/? ?????? ??????? ???????.230? ???./b69[22 ???????, ???10]"
1628,,??? ?? ???????? ? ???? ? ?? ???????? ?? ??????????
1629,,??? ?? ???????? ? ???? ? ?? ???????? ?? ??????????
1630,,"????? NAN 3 Optipro 1050?[22 ???????, ???10]"
1631,,Korzinka_App_catalague
1632,,"?????? ????????_GF (?? 2?? ?? 3??), ???[22 ???????, ??????]"
1633,,Landing_Korzinka_Go_Google_play
1634,,Korzinka_App_catalague
1635,,Landing_Korzinka_Go_Google_play
1636,,Landing_Korzinka_Go_Google_play
1637,,??? ?? ???????? ? ???? ? ?? ???????? ?? ??????????
1638,,????
1639,,"?????? ????????_GF (?? 2?? ?? 3??), ???[22 ???????, ??????]"
1640,,Landing_Korzinka_Go_Google_play
1641,,??? ?? ???????? ? ???? ? ?? ???????? ?? ??????????
1642,,Korzinka_Web_catalague
1643,,"???? ????????? ?/???? 365 kun 2??[22 ???????, ??????]"
1644,,"?.???????,???[20 ???????, ??????]"
1645,,Korzinka_App_catalague
1646,,"?????? ????????_GF (?? 2?? ?? 3??), ???[22 ???????, ??????]"
1647,,"SHERIN_??????? ???????? 700?? ± 20??[22 ???????, ???10]"
1648,,Landing_Korzinka_Go_Google_play
1649,,Landing_Korzinka_Go_Google_play
1650,,Meta_CPM
1651,,"????? NAN 3 Optipro 1050?[22 ???????, ???10]"
1652,,Korzinka_App_catalague
1653,,Landing_Korzinka_Go_Google_play
1654,,Landing_Korzinka_Go_Google_play
1655,,???????_???
1656,,Korzinka_App_catalague
1657,,Korzinka_Web_catalague
1658,,Meta_CPM
1659,,Korzinka_App_catalague
1660,,"?????? ????????_GF (?? 2?? ?? 3??), ???[22 ???????, ??????]"
1661,,Korzinka_Web_catalague
1662,,Korzinka_App_catalague
1663,,Korzinka_App_catalague
1664,,Korzinka_App_catalague
1665,,Korzinka_App_catalague
1666,,Korzinka_App_catalague
1667,,Korzinka_App_catalague
1668,,Korzinka_App_catalague
1669,,"VALIO_????.??? VIOLA ????????? 200??[22 ???????, ???10]"
1670,,Korzinka_Web_catalague
1671,,Korzinka_Web_catalague
1672,,Meta_CPM
1673,,PR
1674,,Instagram
1675,,Korzinka_App_catalague
1676,,Lockscreen_app_link
1677,,"?????? ????????_GF (?? 2?? ?? 3??), ???[22 ???????, ??????]"
1678,,Landing_Korzinka_Go_Google_play
1679,,Landing_Korzinka_Go_Google_play
1680,,Korzinka_ App_Stories
1681,,Korzinka_App_catalague
1682,,"???? ????, ???[22 ???????, ???10]"
1683,,"SHERIN_??????? ???????? 700?? ± 20??[22 ???????, ???10]"
1684,,"SHERIN_??????? ???????? 700?? ± 20??[22 ???????, ???10]"
1685,,Korzinka_ App_Stories
1686,,Korzinka_App_catalague
1687,,Lockscreen_app_link
1688,,????
1689,,????
1690,,Landing_Korzinka_Go_Google_play
1691,,Korzinka_App_catalague
1692,,Korzinka_App_catalague
1693,,"???? ????, ???[22 ???????, ???10]"
1694,,Lockscreen_app_link
1695,,Landing_Korzinka_Go_Google_play
1696,,??? ?? ???????? ? ???? ? ?? ???????? ?? ??????????
1697,,Korzinka_Web_catalague
1698,,Lockscreen_app_link
1699,,"?????? ????????_GF (?? 2?? ?? 3??), ???[22 ???????, ??????]"
1700,,Landing_Korzinka_Go_Google_play
1701,,Landing_Korzinka_Go_Google_play
1702,,Landing_Korzinka_Go_app_store
1703,,Lockscreen_app_link
1704,,"????? NAN 3 Optipro 1050?[22 ???????, ???10]"
1705,,web_site_lending_link
1706,,Korzinka_App_catalague
1707,,Korzinka_App_catalague
1708,,Korzinka_App_catalague
1709,,Lockscreen_app_link
1710,,Landing_Korzinka_Go_Google_play
1711,,??? ?? ???????? ? ???? ? ?? ???????? ?? ??????????
1712,,Korzinka_App_catalague
1713,,Korzinka_App_catalague
1714,,Push App Korzinka Core
1715,,Landing_Korzinka_Go_app_store
1716,,??????????? ???????? ??? PUSH Korzinka Core
1717,,Korzinka_App_catalague
1718,,??????_???
1719,,"ABC ???. ??????? Color 3??[22 ???????, ??????]"
1720,,web_site_lending_link
1721,,Meta_CPM
1722,,Korzinka_App_catalague
1723,,web_site_lending_link
1724,,Korzinka_App_catalague
1725,,"VALIO_????? ????????? 82% ???[22 ???????, ??????]"
1726,,Landing_Korzinka_Go_Google_play
1727,,Landing_Korzinka_Go_Google_play
1728,,??? ?? ???????? ? ???? ? ?? ???????? ?? ??????????
1729,,Korzinka_Web_catalague
1730,,Korzinka_App_catalague
1731,,Korzinka_ App_Stories
1732,,Korzinka_App_catalague
1733,,Landing_Korzinka_Go_Google_play
1734,,??? ?? ???????? ? ???? ? ?? ???????? ?? ??????????
1735,,Korzinka_Web_catalague
1736,,????????? ??????? ???????
1737,,????????? ??????? ? ???????
1738,,Korzinka_App_catalague
1739,,Korzinka_App_catalague
1740,,Korzinka_App_catalague
1741,,Landing_Korzinka_Go_Google_play
1742,,??????? ? ????????? ?????? ? ?? ????????
1743,,"ANDALUS_?/?_?????????? 700?? ± 20??[21 ???????, ??????]"
1744,,Korzinka_App_catalague
1745,,"SHERIN_??????? ???????? 700?? ± 20??[22 ???????, ???10]"
1746,,Landing_Korzinka_Go_Google_play
1747,,Landing_Korzinka_Go_Google_play
1748,,??? ?? ???????? ? ???? ? ?? ???????? ?? ??????????
1749,,Instagram
1750,,Korzinka_App_catalague
1751,,Push App Korzinka Core
1752,,"C/? ?????? ??????? ???????.230? ???./b69[22 ???????, ???10]"
1753,,Korzinka_Web_catalague
1754,,"???? ????????? ?/???? 365 kun 2??[22 ???????, ??????]"
1755,,Landing_Korzinka_Go_Google_play
1756,,Korzinka_Web_catalague
1757,,AdCollony
1758,,Korzinka_Web_catalague
1759,,"ABC ???. ??????? Color 3??[22 ???????, ??????]"
1760,,Lockscreen_app_link
1761,,Lockscreen_app_link
1762,,Korzinka_Web_catalague
1763,,"????? NAN 3 Optipro 1050?[22 ???????, ???10]"
1764,,Korzinka_App_catalague
1765,,Korzinka_App_catalague
1766,,"VALIO_????? ????????? 82% ???[22 ???????, ??????]"
1767,,"?????? ?????? ???????, ???[22 ???????, ???10]"
1768,,Push App Korzinka Core
1769,,??????? ? ????????? ?????? ? ?? ????????
1770,,Meta_CPM
1771,,PR
1772,,????
1773,,Korzinka_App_catalague
1774,,Korzinka_App_catalague
1775,,Korzinka_App_catalague
1776,,Korzinka_App_catalague
1777,,Korzinka_App_catalague
1778,,Korzinka_App_catalague
1779,,Korzinka_App_catalague
1780,,Landing_Korzinka_Go_Google_play
1781,,Landing_Korzinka_Go_Google_play
1782,,??????? ? ????????? ?????? ? ?? ????????
1783,,web_site_lending_link
1784,,Korzinka_App_catalague
1785,,Korzinka_App_catalague
1786,,"???? ????, ???[22 ???????, ???10]"
1787,,"???? ??? ??? ?????????? ? ?????????, ???? ???? ? ?????[22 ???????, ???10]"
1788,,Landing_Korzinka_Go_Google_play
1789,,Landing_Korzinka_Go_Google_play
1790,,??? ?? ???????? ? ???? ? ?? ???????? ?? ??????????
1791,,Korzinka_App_catalague
1792,,Korzinka_App_catalague
1793,,"VALIO_????? ????????? 82% ???[22 ???????, ??????]"
1794,,Landing_Korzinka_Go_app_store
1795,,Korzinka_ App_Stories
1796,,Korzinka_App_catalague
1797,,Lockscreen_app_link
1798,,Landing_Korzinka_Go_Google_play
1799,,Landing_Korzinka_Go_Google_play
1800,,PR
1801,,web_site_lending_link
1802,,Korzinka_App_catalague
1803,,Korzinka_App_catalague
1804,,Korzinka_App_catalague
1805,,????
1806,,Landing_Korzinka_Go_Google_play
1807,,Landing_Korzinka_Go_Google_play
1808,,Landing_Korzinka_Go_Google_play
1809,,??? ?? ???????? ? ???? ? ?? ???????? ?? ??????????
1810,,"???? ????????? ?/???? 365 kun 2??[22 ???????, ??????]"
1811,,Korzinka_App_catalague
1812,,qr_??????
1813,,Korzinka_Web_catalague
1814,,Korzinka_App_catalague
1815,,Landing_Korzinka_Go_app_store
1816,,Telegram
1817,,Instagram
1818,,"VALIO_????? ????????? 82% ???[22 ???????, ??????]"
1819,,"SHERIN_??????? ???????? 700?? ± 20??[22 ???????, ???10]"
1820,,"????? NAN 3 Optipro 1050?[22 ???????, ???10]"
1821,,web_site_lending_link
1822,,????
1823,,Landing_Korzinka_Go_Google_play
1824,,Korzinka_Web_catalague
1825,,Meta_CPM
1826,,Korzinka_App_catalague
1827,,??????? ? ????????? ?????? ? ?? ????????
1828,,Korzinka_App_catalague
1829,,Landing_Korzinka_Go_app_store
1830,,Korzinka_Web_catalague
1831,,Meta_CPM
1832,,"???? ????, ???[22 ???????, ???10]"
1833,,Instagram
1834,,Korzinka_App_catalague
1835,,Korzinka_App_catalague
1836,,??????????? ???????? ??? TG-Bot ????????
1837,,??? ?? ???????? ? ???? ? ?? ???????? ?? ??????????
1838,,qr_????
1839,,"Nescafe Gold 95?? ?/? ???.[20 ???????, ??????]"
1840,,"????? NAN 3 Optipro 1050?[22 ???????, ???10]"
1841,,web_site_lending_link
1842,,Korzinka_App_catalague
1843,,"?????? ????????_GF (?? 2?? ?? 3??), ???[22 ???????, ??????]"
1844,,"????? NAN 3 Optipro 1050?[22 ???????, ???10]"
1845,,Landing_Korzinka_Go_Google_play
1846,,Landing_Korzinka_Go_Google_play
1847,,Landing_Korzinka_Go_Google_play
1848,,??? ?? ???????? ? ???? ? ?? ???????? ?? ??????????
1849,,??? ?? ???????? ? ???? ? ?? ???????? ?? ??????????
1850,,??? ?? ???????? ? ???? ? ?? ???????? ?? ??????????
1851,,Korzinka_Web_catalague
1852,,Korzinka_App_catalague
1853,,Korzinka_App_catalague
1854,,Korzinka_Web_catalague
1855,,"VALIO_????? ????????? 82% ???[22 ???????, ??????]"
1856,,Korzinka_App_catalague
1857,,Korzinka_App_catalague
1858,,"VALIO_????? ????????? 82% ???[22 ???????, ??????]"
1859,,"Nescafe Gold 75?? ?/? ???.[22 ???????, ???10]"
1860,,Landing_Korzinka_Go_Google_play
1861,,Landing_Korzinka_Go_Google_play
1862,,Korzinka_Web_catalague
1863,,Banner_link
1864,,Korzinka_App_catalague
1865,,Meta_CPM
1866,,Korzinka_App_catalague
1867,,????
1868,,Landing_Korzinka_Go_Google_play
1869,,??????? ? ????????? ?????? ? ?? ????????
1870,,??????? ? ????????? ?????? ? ?? ????????
1871,,??????? ? ????????? ?????? ? ?? ????????
1872,,Korzinka_App_catalague
1873,,Korzinka_App_catalague
1874,,Korzinka_App_catalague
1875,,Korzinka_ App_Stories
1876,,web_site_lending_link
1877,,Korzinka_App_catalague
1878,,Korzinka_App_catalague
1879,,??? ?? ???????? ? ???? ? ?? ???????? ?? ??????????
1880,,??? ?? ???????? ? ???? ? ?? ???????? ?? ??????????
1881,,Korzinka_Web_catalague
1882,,"????? NAN 3 Optipro 1050?[22 ???????, ???10]"
1883,,"Nescafe Gold 75?? ?/? ???.[22 ???????, ???10]"
1884,,Landing_Korzinka_Go_Google_play
1885,,??? ?? ???????? ? ???? ? ?? ???????? ?? ??????????
1886,,"???? ????????? ?/???? 365 kun 2??[22 ???????, ??????]"
1887,,web_site_lending_link
1888,,Korzinka_App_catalague
1889,,"???? ????, ???[22 ???????, ???10]"
1890,,"?????? ????????_GF (?? 2?? ?? 3??), ???[22 ???????, ??????]"
1891,,Push App Korzinka Core
1892,,Landing_Korzinka_Go_app_store
1893,,Korzinka_Web_catalague
1894,,??? ?? ???????? ? ???? ? ?? ???????? ?? ??????????
1895,,Korzinka_App_catalague
1896,,Instagram
1897,,Instagram
1898,,"VALIO_????? ????????? 82% ???[22 ???????, ??????]"
1899,,??? ?? ???????? ? ???? ? ?? ???????? ?? ??????????
1900,,Korzinka_Web_catalague
1901,,Meta_CPM
1902,,Korzinka_App_catalague
1903,,Korzinka_App_catalague
1904,,Korzinka_App_catalague
1905,,Lockscreen_app_link
1906,,Landing_Korzinka_Go_app_store
1907,,??? ?? ???????? ? ???? ? ?? ???????? ?? ??????????
1908,,Meta_CPM
1909,,Korzinka_App_catalague
1910,,Korzinka_App_catalague
1911,,"?????? ????????_GF (?? 2?? ?? 3??), ???[22 ???????, ??????]"
1912,,Landing_Korzinka_Go_Google_play
1913,,??? ?? ???????? ? ???? ? ?? ???????? ?? ??????????
1914,,??? ?? ???????? ? ???? ? ?? ???????? ?? ??????????
1915,,Meta_CPM
1916,,"????? NAN 3 Optipro 1050?[22 ???????, ???10]"
1917,,PR
1918,,Korzinka_App_catalague
1919,,Korzinka_App_catalague
1920,,Korzinka_App_catalague
1921,,"???? ????, ???[22 ???????, ???10]"
1922,,"????? ????????? ????-?????? 800?[22 ???????, ???10]"
1923,,"ARIEL_???.??????? ""lenor effect"" 3??[20 ???????, ??????]"
1924,,Landing_Korzinka_Go_Google_play
1925,,Landing_Korzinka_Go_app_store
1926,,??? ?? ???????? ? ???? ? ?? ???????? ?? ??????????
1927,,PR
1928,,Korzinka_App_catalague
1929,,Lockscreen_app_link
1930,,"?????? ????????_GF (?? 2?? ?? 3??), ???[22 ???????, ??????]"
1931,,"?????? ????????_GF (?? 2?? ?? 3??), ???[22 ???????, ??????]"
1932,,Landing_Korzinka_Go_Google_play
1933,,??? ?? ???????? ? ???? ? ?? ???????? ?? ??????????
1934,,Korzinka_Web_catalague
1935,,Meta_CPM
1936,,Korzinka_App_catalague
1937,,??? ?? ???????? ? ???? ? ?? ???????? ?? ??????????
1938,,Korzinka_Web_catalague
1939,,Korzinka_App_catalague
1940,,??????? ? ????????? ?????? ? ?? ????????
1941,,Instagram
1942,,"SHERIN_??????? ???????? 700?? ± 20??[22 ???????, ???10]"
1943,,Landing_Korzinka_Go_Google_play
1944,,Landing_Korzinka_Go_Google_play
1945,,Landing_Korzinka_Go_app_store
1946,,Meta_CPM
1947,,web_site_lending_link
1948,,Landing_Korzinka_Go_Google_play
1949,,Landing_Korzinka_Go_app_store
1950,,??? ?? ???????? ? ???? ? ?? ???????? ?? ??????????
1951,,Korzinka_App_catalague
1952,,????
1953,,Landing_Korzinka_Go_Google_play
1954,,??? ?? ???????? ? ???? ? ?? ???????? ?? ??????????
1955,,Korzinka_Web_catalague
1956,,Banner_link
1957,,web_site_lending_link
1958,,"?????? ??????? ABC ??? ???????? 1500??[18 ???????, ??????]"
1959,,Landing_Korzinka_Go_Google_play
1960,,??????????? ???????? ??? PUSH Korzinka Core
1961,,Korzinka_App_catalague
1962,,Korzinka_App_catalague
1963,,Korzinka_App_catalague
1964,,Landing_Korzinka_Go_Google_play
1965,,??? ?? ???????? ? ???? ? ?? ???????? ?? ??????????
1966,,"?????? ????????_GF (?? 2?? ?? 3??), ???[22 ???????, ??????]"
1967,,??????? ? ????????? ?????? ? ?? ????????
1968,,Korzinka_App_catalague
1969,,Instagram
1970,,Korzinka_App_catalague
1971,,????
1972,,??????? ? ????????? ?????? ? ?? ????????
1973,,??? ?? ???????? ? ???? ? ?? ???????? ?? ??????????
1974,,??? ?? ???????? ? ???? ? ?? ???????? ?? ??????????
1975,,Korzinka_App_catalague
1976,,Landing_Korzinka_Go_app_store
1977,,????
1978,,??????? ? ????????? ?????? ? ?? ????????
1979,,"VALIO_????? ????????? 82% ???[22 ???????, ??????]"
1980,,Landing_Korzinka_Go_Google_play
1981,,"ABC ???. ??????? Color 3??[22 ???????, ??????]"
1982,,Instagram
1983,,Korzinka_App_catalague
1984,,"SHERIN_??????? ???????? 700?? ± 20??[22 ???????, ???10]"
1985,,Instagram
1986,,Instagram
1987,,"VALIO_????? ????????? 82% ???[22 ???????, ??????]"
1988,,Landing_Korzinka_Go_Google_play
1989,,??? ?? ???????? ? ???? ? ?? ???????? ?? ??????????
1990,,????
1991,,Landing_Korzinka_Go_Google_play
1992,,Instagram
1993,,"????? NAN 3 Optipro 1050?[22 ???????, ???10]"
1994,,web_site_lending_link
1995,,Korzinka_App_catalague
1996,,Landing_Korzinka_Go_Google_play
1997,,Korzinka_Web_catalague
1998,,Korzinka_App_catalague
1999,,Push App Korzinka Core
2000,,??????? ? ????????? ?????? ? ?? ????????
2001,,Meta_CPM
2002,,Meta_CPM
2003,,Korzinka_Web_catalague
2004,,Korzinka_App_catalague
2005,,Korzinka_App_catalague
2006,,"?????? ?????? ???????, ???[22 ???????, ???10]"
2007,,Korzinka_Web_catalague
2008,,web_site_lending_link
2009,,Korzinka_App_catalague
2010,,Korzinka_App_catalague
2011,,Lockscreen_app_link
2012,,????
2013,,Landing_Korzinka_Go_Google_play
2014,,Landing_Korzinka_Go_Google_play
2015,,Landing_Korzinka_Go_app_store
2016,,Korzinka_Web_catalague
2017,,"???? ????, ???[22 ???????, ???10]"
2018,,Landing_Korzinka_Go_app_store
2019,,Landing_Korzinka_Go_app_store
2020,,??? ?? ???????? ? ???? ? ?? ???????? ?? ??????????
2021,,"????? NAN 3 Optipro 1050?[22 ???????, ???10]"
2022,,Meta_CPM
2023,,Korzinka_App_catalague
2024,,Korzinka_App_catalague
2025,,Landing_Korzinka_Go_Google_play
2026,,"???? ????????? ?/???? 365 kun 2??[22 ???????, ??????]"
2027,,Korzinka_App_catalague
2028,,Landing_Korzinka_Go_Google_play
2029,,Landing_Korzinka_Go_app_store
2030,,??????? ? ????????? ?????? ? ?? ????????
2031,,Korzinka_Web_catalague
2032,,Korzinka_ App_Stories
2033,,Korzinka_App_catalague
2034,,Korzinka_App_catalague
2035,,??????? ? ????????? ?????? ? ?? ????????
2036,,Banner_link
2037,,Meta_CPM
2038,,"????? NAN 3 Optipro 1050?[22 ???????, ???10]"
2039,,Korzinka_App_catalague
2040,,Korzinka_App_catalague
2041,,Push App Korzinka Core
2042,,??? ?? ???????? ? ???? ? ?? ???????? ?? ??????????
2043,,??? ?? ???????? ? ???? ? ?? ???????? ?? ??????????
2044,,??? ?? ???????? ? ???? ? ?? ???????? ?? ??????????
2045,,??? ?? ???????? ? ???? ? ?? ???????? ?? ??????????
2046,,Landing_Korzinka_Go_Google_play
2047,,Landing_Korzinka_Go_Google_play
2048,,web_site_lending_link
2049,,Korzinka_App_catalague
2050,,Landing_Korzinka_Go_Google_play
2051,,??? ?? ???????? ? ???? ? ?? ???????? ?? ??????????
2052,,??? ?? ???????? ? ???? ? ?? ???????? ?? ??????????
2053,,??? ?? ???????? ? ???? ? ?? ???????? ?? ??????????
2054,,??? ?? ???????? ? ???? ? ?? ???????? ?? ??????????
2055,,Korzinka_Web_catalague
2056,,Korzinka_App_catalague
2057,,"???? ????, ???[22 ???????, ???10]"
2058,,??? ?? ???????? ? ???? ? ?? ???????? ?? ??????????
2059,,Korzinka_ App_Stories
2060,,Landing_Korzinka_Go_Google_play
2061,,web_site_lending_link
2062,,Korzinka_App_catalague
2063,,Korzinka_App_catalague
2064,,Lockscreen_app_link
2065,,????
2066,,??????? ? ????????? ?????? ? ?? ????????
2067,,??? ?? ???????? ? ???? ? ?? ???????? ?? ??????????
2068,,??? ?? ???????? ? ???? ? ?? ???????? ?? ??????????
2069,,"??? TIP-TOP ?????? 1?[21 ???????, ???10]"
2070,,Korzinka_ App_Stories
2071,,Korzinka_App_catalague
2072,,Korzinka_App_catalague
2073,,"?????? ????????_GF (?? 2?? ?? 3??), ???[22 ???????, ??????]"
2074,,Landing_Korzinka_Go_app_store
2075,,Landing_Korzinka_Go_app_store
2076,,??? ?? ???????? ? ???? ? ?? ???????? ?? ??????????
2077,,??? ?? ???????? ? ???? ? ?? ???????? ?? ??????????
2078,,Meta_CPM
2079,,PR
2080,,Korzinka_App_catalague
2081,,Landing_Korzinka_Go_Google_play
2082,,PR
2083,,Korzinka_App_catalague
2084,,Korzinka_App_catalague
2085,,Korzinka_App_catalague
2086,,Banner_link
2087,,Korzinka_App_catalague
2088,,Korzinka_App_catalague
2089,,Korzinka_App_catalague
2090,,Korzinka_App_catalague
2091,,"Nescafe Gold 75?? ?/? ???.[22 ???????, ???10]"
2092,,"?????? ????????_GF (?? 2?? ?? 3??), ???[22 ???????, ??????]"
2093,,"SHERIN_??????? ???????? 700?? ± 20??[22 ???????, ???10]"
2094,,Landing_Korzinka_Go_Google_play
2095,,Korzinka_Web_catalague
2096,,Korzinka_Web_catalague
2097,,Korzinka_Web_catalague
2098,,web_site_lending_link
2099,,Korzinka_App_catalague
2100,,"???? ????, ???[22 ???????, ???10]"
2101,,Landing_Korzinka_Go_Google_play
2102,,??????? ? ????????? ?????? ? ?? ????????
2103,,??? ?? ???????? ? ???? ? ?? ???????? ?? ??????????
2104,,AdCollony
2105,,Instagram
2106,,web_site_lending_link
2107,,Korzinka_App_catalague
2108,,????
2109,,Landing_Korzinka_Go_Google_play
2110,,??? ?? ???????? ? ???? ? ?? ???????? ?? ??????????
2111,,??? ?? ???????? ? ???? ? ?? ???????? ?? ??????????
2112,,??? ?? ???????? ? ???? ? ?? ???????? ?? ??????????
2113,,??? ?? ???????? ? ???? ? ?? ???????? ?? ??????????
2114,,"????? NAN 3 Optipro 1050?[22 ???????, ???10]"
2115,,Korzinka_App_catalague
2116,,Korzinka_App_catalague
2117,,Korzinka_App_catalague
2118,,Landing_Korzinka_Go_app_store
2119,,??? ?? ???????? ? ???? ? ?? ???????? ?? ??????????
2120,,??? ?? ???????? ? ???? ? ?? ???????? ?? ??????????
2121,,????????? ??????? ???????
2122,,Korzinka_App_catalague
2123,,Landing_Korzinka_Go_Google_play
2124,,??????? ? ????????? ?????? ? ?? ????????
2125,,Korzinka_Web_catalague
2126,,"???? ????????? ?/???? 365 kun 2??[22 ???????, ??????]"
2127,,Korzinka_App_catalague
2128,,web_site_lending_link
2129,,Korzinka_App_catalague
2130,,Korzinka_App_catalague
2131,,"???? ????, ???[22 ???????, ???10]"
2132,,Lockscreen_app_link
2133,,Landing_Korzinka_Go_Google_play
2134,,Push App Korzinka Core
2135,,??? ?? ???????? ? ???? ? ?? ???????? ?? ??????????
2136,,Korzinka_Web_catalague
2137,,"????? NAN 3 Optipro 1050?[22 ???????, ???10]"
2138,,Instagram
2139,,Korzinka_App_catalague
2140,,"???? ????, ???[22 ???????, ???10]"
2141,,Lockscreen_app_link
2142,,"?????? ????????_GF (?? 2?? ?? 3??), ???[22 ???????, ??????]"
2143,,??? ?? ???????? ? ???? ? ?? ???????? ?? ??????????
2144,,??? ?? ???????? ? ???? ? ?? ???????? ?? ??????????
2145,,??? ?? ???????? ? ???? ? ?? ???????? ?? ??????????
2146,,Korzinka_ App_Stories
2147,,Korzinka_App_catalague
2148,,Korzinka_App_catalague
2149,,Korzinka_App_catalague
2150,,????
2151,,Push App Korzinka Core
2152,,Meta_CPM
2153,,Korzinka_App_catalague
2154,,Landing_Korzinka_Go_app_store
2155,,Korzinka_Web_catalague
2156,,"?????? ????????_GF (?? 2?? ?? 3??), ???[22 ???????, ??????]"
2157,,Instagram
2158,,Instagram
2159,,Korzinka_App_catalague
2160,,Korzinka_App_catalague
2161,,Korzinka_App_catalague
2162,,Landing_Korzinka_Go_Google_play
2163,,Push App Korzinka Core
2164,,Korzinka_App_catalague
2165,,Korzinka_App_catalague
2166,,??? ?? ???????? ? ???? ? ?? ???????? ?? ??????????
2167,,??? ?? ???????? ? ???? ? ?? ???????? ?? ??????????
2168,,PR
2169,,web_site_lending_link
2170,,"???? ????, ???[22 ???????, ???10]"
2171,,Lockscreen_app_link
2172,,Lockscreen_app_link
2173,,??? ?? ???????? ? ???? ? ?? ???????? ?? ??????????
2174,,Korzinka_Web_catalague
2175,,Push App Korzinka Core
2176,,Instagram
2177,,Korzinka_App_catalague
2178,,Korzinka_App_catalague
2179,,Landing_Korzinka_Go_Google_play
2180,,Korzinka_PR_link
2181,,Korzinka_App_catalague
2182,,Landing_Korzinka_Go_Google_play
2183,,Korzinka_ App_Stories
2184,,Korzinka_App_catalague
2185,,Lockscreen_app_link
2186,,Landing_Korzinka_Go_Google_play
2187,,??????? ? ????????? ?????? ? ?? ????????
2188,,Landing_Korzinka_Go_Google_play
2189,,??????? ? ????????? ?????? ? ?? ????????
2190,,??? ?? ???????? ? ???? ? ?? ???????? ?? ??????????
2191,,??? ?? ???????? ? ???? ? ?? ???????? ?? ??????????
2192,,??? ?? ???????? ? ???? ? ?? ???????? ?? ??????????
2193,,Korzinka_Web_catalague
2194,,Korzinka_Web_catalague
2195,,????
2196,,Landing_Korzinka_Go_Google_play
2197,,??? ?? ???????? ? ???? ? ?? ???????? ?? ??????????
2198,,????????? ??????? ???????
2199,,Korzinka_App_catalague
2200,,"VALIO_????? ????????? 82% ???[22 ???????, ??????]"
2201,,Landing_Korzinka_Go_Google_play
2202,,??????? ? ????????? ?????? ? ?? ????????
2203,,web_site_lending_link
2204,,Lockscreen_app_link
2205,,????
2206,,Landing_Korzinka_Go_Google_play
2207,,Korzinka_App_catalague
2208,,Korzinka_App_catalague
2209,,????
2210,,Landing_Korzinka_Go_app_store
2211,,Instagram
2212,,Korzinka_App_catalague
2213,,"VALIO_????? ????????? 82% ???[22 ???????, ??????]"
2214,,Landing_Korzinka_Go_Google_play
2215,,Landing_Korzinka_Go_app_store
2216,,??? ?? ???????? ? ???? ? ?? ???????? ?? ??????????
2217,,??? ?? ???????? ? ???? ? ?? ???????? ?? ??????????
2218,,"????? NAN 3 Optipro 1050?[22 ???????, ???10]"
2219,,web_site_lending_link
2220,,Korzinka_App_catalague
2221,,Korzinka_App_catalague
2222,,Korzinka_App_catalague
2223,,"???? ????, ???[22 ???????, ???10]"
2224,,"?????? ????????_GF (?? 2?? ?? 3??), ???[22 ???????, ??????]"
2225,,"?????? ????????_GF (?? 2?? ?? 3??), ???[22 ???????, ??????]"
2226,,Landing_Korzinka_Go_Google_play
2227,,"C/? ?????? ??????? ???????.230? ???./b69[22 ???????, ???10]"
2228,,??????? ? ????????? ?????? ? ?? ????????
2229,,??? ?? ???????? ? ???? ? ?? ???????? ?? ??????????
2230,,??? ?? ???????? ? ???? ? ?? ???????? ?? ??????????
2231,,??? ?? ???????? ? ???? ? ?? ???????? ?? ??????????
2232,,Korzinka_Web_catalague
2233,,"????? NAN 3 Optipro 1050?[22 ???????, ???10]"
2234,,Instagram
2235,,Korzinka_App_catalague
2236,,Korzinka_App_catalague
2237,,"?????? ????????_GF (?? 2?? ?? 3??), ???[22 ???????, ??????]"
2238,,Landing_Korzinka_Go_Google_play
2239,,Korzinka_Web_catalague
2240,,Korzinka_Web_catalague
2241,,"????? NAN 3 Optipro 1050?[22 ???????, ???10]"
2242,,"SHERIN_??????? ???????? 700?? ± 20??[22 ???????, ???10]"
2243,,Landing_Korzinka_Go_Google_play
2244,,Landing_Korzinka_Go_Google_play
2245,,Landing_Korzinka_Go_app_store
2246,,Landing_Korzinka_Go_qr
2247,,Korzinka_Web_catalague
2248,,"???? ????????? ?/???? 365 kun 2??[22 ???????, ??????]"
2249,,"????? NAN 3 Optipro 1050?[22 ???????, ???10]"
2250,,Korzinka_App_catalague
2251,,Korzinka_Web_catalague
2252,,Korzinka_App_catalague
2253,,Korzinka_App_catalague
2254,,Korzinka_App_catalague
2255,,"VALIO_????? ????????? 82% ???[22 ???????, ??????]"
2256,,????
2257,,"?????? ????????_GF (?? 2?? ?? 3??), ???[22 ???????, ??????]"
2258,,Landing_Korzinka_Go_Google_play
2259,,Landing_Korzinka_Go_Google_play
2260,,Meta_CPM
2261,,"????? NAN 3 Optipro 1050?[22 ???????, ???10]"
2262,,web_site_lending_link
2263,,web_site_lending_link
2264,,Korzinka_App_catalague
2265,,????
2266,,??? ?? ???????? ? ???? ? ?? ???????? ?? ??????????
2267,,??????? ? ????????? ?????? ? ?? ????????
2268,,Meta_CPM
2269,,Instagram
2270,,???????_???
2271,,web_site_lending_link
2272,,Korzinka_App_catalague
2273,,"???? ????, ???[22 ???????, ???10]"
2274,,"ARIEL_???.??????? ""lenor effect"" 3??[20 ???????, ??????]"
2275,,??? ?? ???????? ? ???? ? ?? ???????? ?? ??????????
2276,,Korzinka_ App_Stories
2277,,Landing_Korzinka_Go_Google_play
2278,,??? ?? ???????? ? ???? ? ?? ???????? ?? ??????????
2279,,??? ?? ???????? ? ???? ? ?? ???????? ?? ??????????
2280,,??? ?? ???????? ? ???? ? ?? ???????? ?? ??????????
2281,,Korzinka_Web_catalague
2282,,Korzinka_Web_catalague
2283,,????
2284,,??????? ? ????????? ?????? ? ?? ????????
2285,,PR
2286,,Instagram
2287,,web_site_lending_link
2288,,Korzinka_App_catalague
2289,,Korzinka_App_catalague
2290,,??????? ? ????????? ?????? ? ?? ????????
2291,,Splat
2292,,web_site_lending_link
2293,,Korzinka_App_catalague
2294,,Landing_Korzinka_Go_Google_play
2295,,Landing_Korzinka_Go_Google_play
2296,,??? ?? ???????? ? ???? ? ?? ???????? ?? ??????????
2297,,??? ?? ???????? ? ???? ? ?? ???????? ?? ??????????
2298,,Korzinka_Web_catalague
2299,,Korzinka_ App_Stories
2300,,web_site_lending_link
2301,,Korzinka_App_catalague
2302,,Korzinka_App_catalague
2303,,"???? ????, ???[22 ???????, ???10]"
2304,,??????? ????? ? ?????????? ???????? ??
2305,,??????? ? ????????? ?????? ? ?? ????????
2306,,Korzinka_App_catalague
2307,,Telegram
2308,,Korzinka_App_catalague
2309,,????????? ??????? ???????
2310,,Korzinka_App_catalague
2311,,Korzinka_App_catalague
2312,,??? ?? ???????? ? ???? ? ?? ???????? ?? ??????????
2313,,??? ?? ???????? ? ???? ? ?? ???????? ?? ??????????
2314,,Korzinka_Web_catalague
2315,,Korzinka_Web_catalague
2316,,Meta_CPM
2317,,Korzinka_App_catalague
2318,,Korzinka_App_catalague
2319,,Korzinka_App_catalague
2320,,Korzinka_App_catalague
2321,,Korzinka_App_catalague
2322,,"VALIO_????.??? VIOLA ????????? 200??[22 ???????, ???10]"
2323,,??? ?? ???????? ? ???? ? ?? ???????? ?? ??????????
2324,,Korzinka_Web_catalague
2325,,Korzinka_App_catalague
2326,,"SHERIN_??????? ???????? 700?? ± 20??[22 ???????, ???10]"
2327,,Landing_Korzinka_Go_Google_play
2328,,Korzinka_App_catalague
2329,,Korzinka_App_catalague
2330,,"VALIO_????? ????????? 82% ???[22 ???????, ??????]"
2331,,"?????? ????????_GF (?? 2?? ?? 3??), ???[22 ???????, ??????]"
2332,,??? ?? ???????? ? ???? ? ?? ???????? ?? ??????????
2333,,"ABC ???. ??????? Color 3??[22 ???????, ??????]"
2334,,Korzinka_App_catalague
2335,,Korzinka_App_catalague
2336,,"Nescafe Gold 75?? ?/? ???.[22 ???????, ???10]"
2337,,Push App Korzinka Core
2338,,Instagram
2339,,Korzinka_App_catalague
2340,,Korzinka_App_catalague
2341,,Landing_Korzinka_Go_Google_play
2342,,Landing_Korzinka_Go_Google_play
2343,,Korzinka_ App_Stories
2344,,Instagram
2345,,Korzinka_App_catalague
2346,,Landing_Korzinka_Go_Google_play
2347,,Korzinka_App_catalague
2348,,Korzinka_App_catalague
2349,,Korzinka_App_catalague
2350,,Landing_Korzinka_Go_Google_play
2351,,??? ?? ???????? ? ???? ? ?? ???????? ?? ??????????
2352,,??? ?? ???????? ? ???? ? ?? ???????? ?? ??????????
2353,,Korzinka_Web_catalague
2354,,"???? ????????? ?/???? 365 kun 2??[22 ???????, ??????]"
2355,,Korzinka_App_catalague
2356,,Korzinka_App_catalague
2357,,Korzinka_App_catalague
2358,,Lockscreen_app_link
2359,,"?????? ????????_GF (?? 2?? ?? 3??), ???[22 ???????, ??????]"
2360,,web_site_lending_link
2361,,Korzinka_App_catalague
2362,,Korzinka_App_catalague
2363,,Lockscreen_app_link
2364,,Korzinka_Web_catalague
2365,,Korzinka_App_catalague
2366,,Korzinka_Web_catalague
2367,,Korzinka_App_catalague
2368,,"VALIO_????? ????????? 82% ???[22 ???????, ??????]"
2369,,Landing_Korzinka_Go_Google_play
2370,,??????? ? ????????? ?????? ? ?? ????????
2371,,"?????? ????????_GF (?? 2?? ?? 3??), ???[22 ???????, ??????]"
2372,,Landing_Korzinka_Go_Google_play
2373,,web_site_lending_link
2374,,Korzinka_App_catalague
2375,,"?????? ????????_GF (?? 2?? ?? 3??), ???[22 ???????, ??????]"
2376,,Landing_Korzinka_Go_Google_play
2377,,Korzinka_App_catalague
2378,,Korzinka_ App_Stories
2379,,Korzinka_App_catalague
2380,,Landing_Korzinka_Go_Google_play
2381,,Korzinka_App_catalague
2382,,Korzinka_App_catalague
2383,,Landing_Korzinka_Go_Google_play
2384,,??? ?? ???????? ? ???? ? ?? ???????? ?? ??????????
2385,,Meta_CPM
2386,,Meta_CPM
2387,,web_site_lending_link
2388,,Korzinka_App_catalague
2389,,Korzinka_App_catalague
2390,,Push App Korzinka Core
2391,,??? ?? ???????? ? ???? ? ?? ???????? ?? ??????????
2392,,??? ?? ???????? ? ???? ? ?? ???????? ?? ??????????
2393,,Lockscreen_app_link
2394,,"????? NAN 3 Optipro 1050?[22 ???????, ???10]"
2395,,Korzinka_App_catalague
2396,,"???? ????, ???[22 ???????, ???10]"
2397,,??????? ? ????????? ?????? ? ?? ????????
2398,,Instagram
2399,,"SHERIN_??????? ???????? 700?? ± 20??[22 ???????, ???10]"
2400,,Landing_Korzinka_Go_Google_play
2401,,Korzinka_Web_catalague
2402,,Korzinka_App_catalague
2403,,??? ?? ???????? ? ???? ? ?? ???????? ?? ??????????
2404,,??? ?? ???????? ? ???? ? ?? ???????? ?? ??????????
2405,,??? ?? ???????? ? ???? ? ?? ???????? ?? ??????????
2406,,Korzinka_App_catalague
2407,,Korzinka_App_catalague
2408,,Landing_Korzinka_Go_Google_play
2409,,Meta_CPM
2410,,Korzinka_App_catalague
2411,,Lockscreen_app_link
2412,,Landing_Korzinka_Go_Google_play
2413,,Landing_Korzinka_Go_Google_play
2414,,Landing_Korzinka_Go_Google_play
2415,,Korzinka_App_catalague
2416,,Korzinka_App_catalague
2417,,Landing_Korzinka_Go_Google_play
2418,,??? ?? ???????? ? ???? ? ?? ???????? ?? ??????????
2419,,??? ?? ???????? ? ???? ? ?? ???????? ?? ??????????
2420,,Korzinka_App_catalague
2421,,Korzinka_App_catalague
2422,,Korzinka_App_catalague
2423,,"?????? ????????_GF (?? 2?? ?? 3??), ???[22 ???????, ??????]"
2424,,Landing_Korzinka_Go_Google_play
2425,,"????? NAN 3 Optipro 1050?[22 ???????, ???10]"
2426,,Instagram
2427,,web_site_lending_link
2428,,Korzinka_App_catalague
2429,,Korzinka_App_catalague
2430,,"Nescafe Gold 75?? ?/? ???.[22 ???????, ???10]"
2431,,"?????? ????????_GF (?? 2?? ?? 3??), ???[22 ???????, ??????]"
2432,,Landing_Korzinka_Go_Google_play
2433,,??????? ? ????????? ?????? ? ?? ????????
2434,,??????? ? ????????? ?????? ? ?? ????????
2435,,"ALEKSEEVSKOYE sgush s sah 8.5% JB 360g [45][20 ???????, ???10]"
2436,,Instagram
2437,,Korzinka_App_catalague
2438,,Korzinka_App_catalague
2439,,Korzinka_App_catalague
2440,,??? ?? ???????? ? ???? ? ?? ???????? ?? ??????????
2441,,Meta_CPM
2442,,Instagram
2443,,Korzinka_App_catalague
2444,,????
2445,,"SHERIN_??????? ???????? 700?? ± 20??[22 ???????, ???10]"
2446,,web_site_lending_link
2447,,Korzinka_App_catalague
2448,,??? ?? ???????? ? ???? ? ?? ???????? ?? ??????????
2449,,Korzinka_App_catalague
2450,,"???? ??? ??? ?????????? ? ?????????, ???? ???? ? ?????[22 ???????, ???10]"
2451,,Korzinka_App_catalague
2452,,Korzinka_App_catalague
2453,,Korzinka_App_catalague
2454,,Korzinka_App_catalague
2455,,"???? ????, ???[22 ???????, ???10]"
2456,,"VALIO_????? ????????? 82% ???[22 ???????, ??????]"
2457,,Landing_Korzinka_Go_app_store
2458,,Korzinka_App_catalague
2459,,??????? ? ????????? ?????? ? ?? ????????
2460,,web_site_lending_link
2461,,Korzinka_App_catalague
2462,,Korzinka_App_catalague
2463,,"???? ????, ???[22 ???????, ???10]"
2464,,"VALIO_????? ????????? 82% ???[22 ???????, ??????]"
2465,,Landing_Korzinka_Go_Google_play
2466,,Landing_Korzinka_Go_Google_play
2467,,Korzinka_Web_catalague
2468,,Meta_CPM
2469,,Korzinka_App_catalague
2470,,Landing_Korzinka_Go_Google_play
2471,,Push App Korzinka Core
2472,,Landing_Korzinka_Go_app_store
2473,,??? ?? ???????? ? ???? ? ?? ???????? ?? ??????????
2474,,Landing_Korzinka_Go_Google_play
2475,,qr_??????
2476,,??? ?? ???????? ? ???? ? ?? ???????? ?? ??????????
2477,,??? ?? ???????? ? ???? ? ?? ???????? ?? ??????????
2478,,Korzinka_Web_catalague
2479,,Korzinka_Web_catalague
2480,,Korzinka_App_catalague
2481,,Korzinka_App_catalague
2482,,"????? NAN 3 Optipro 1050?[22 ???????, ???10]"
2483,,Korzinka_App_catalague
2484,,Korzinka_App_catalague
2485,,Korzinka_App_catalague
2486,,Lockscreen_app_link
2487,,Landing_Korzinka_Go_Google_play
2488,,??????? ? ????????? ?????? ? ?? ????????
2489,,??? ?? ???????? ? ???? ? ?? ???????? ?? ??????????
2490,,Korzinka_App_catalague
2491,,Lockscreen_app_link
2492,,??? ?? ???????? ? ???? ? ?? ???????? ?? ??????????
2493,,"????? NAN 3 Optipro 1050?[22 ???????, ???10]"
2494,,Korzinka_ App_Stories
2495,,Meta_CPM
2496,,web_site_lending_link
2497,,????
2498,,Korzinka_Web_catalague
2499,,Korzinka_ App_Stories
2500,,Korzinka_App_catalague
2501,,Lockscreen_app_link
2502,,????
2503,,??????? ? ????????? ?????? ? ?? ????????
2504,,??? ?? ???????? ? ???? ? ?? ???????? ?? ??????????
2505,,Korzinka_App_catalague
2506,,Landing_Korzinka_Go_Google_play
2507,,Push App Korzinka Core
2508,,Landing_Korzinka_Go_app_store
2509,,??? ?? ???????? ? ???? ? ?? ???????? ?? ??????????
2510,,??? ?? ???????? ? ???? ? ?? ???????? ?? ??????????
2511,,"????? NAN 3 Optipro 1050?[22 ???????, ???10]"
2512,,PR
2513,,web_site_lending_link
2514,,Korzinka_App_catalague
2515,,Korzinka_App_catalague
2516,,Korzinka_App_catalague
2517,,Korzinka_App_catalague
2518,,Korzinka_App_catalague
2519,,Landing_Korzinka_Go_app_store
2520,,??????? ? ????????? ?????? ? ?? ????????
2521,,??????? ? ????????? ?????? ? ?? ????????
2522,,"???? ????????? ?/???? 365 kun 2??[22 ???????, ??????]"
2523,,Korzinka_App_catalague
2524,,Meta_CPM
2525,,Meta_CPM
2526,,"?????. ?????????? 365 kun 1000?[22 ???????, ???10]"
2527,,Korzinka_App_catalague
2528,,"?????? ??????? ABC ??? ???????? 1500??[18 ???????, ??????]"
2529,,"SHERIN_??????? ???????? 700?? ± 20??[22 ???????, ???10]"
2530,,Landing_Korzinka_Go_app_store
2531,,Korzinka_Web_catalague
2532,,Meta_CPM
2533,,"VALIO_????? ????????? 82% ???[22 ???????, ??????]"
2534,,Korzinka_App_catalague
2535,,Instagram
2536,,"SHERIN_??????? ???????? 700?? ± 20??[22 ???????, ???10]"
2537,,Landing_Korzinka_Go_app_store
2538,,Korzinka_App_catalague
2539,,Korzinka_App_catalague
2540,,"VALIO_????? ????????? 82% ???[22 ???????, ??????]"
2541,,Landing_Korzinka_Go_Google_play
2542,,Landing_Korzinka_Go_Google_play
2543,,web_site_lending_link
2544,,"???? ??? ??? ?????????? ? ?????????, ???? ???? ? ?????[22 ???????, ???10]"
2545,,??? ?? ???????? ? ???? ? ?? ???????? ?? ??????????
2546,,"???? ????, ???[22 ???????, ???10]"
2547,,??????? ? ????????? ?????? ? ?? ????????
2548,,Instagram
2549,,web_site_lending_link
2550,,Korzinka_App_catalague
2551,,Korzinka_App_catalague
2552,,Landing_Korzinka_Go_Google_play
2553,,Landing_Korzinka_Go_qr
2554,,Meta_CPM
2555,,Korzinka_ App_Stories
2556,,Korzinka_App_catalague
2557,,Landing_Korzinka_Go_Google_play
2558,,??? ?? ???????? ? ???? ? ?? ???????? ?? ??????????
2559,,Korzinka_App_catalague
2560,,"?????? ????????_GF (?? 2?? ?? 3??), ???[22 ???????, ??????]"
2561,,Landing_Korzinka_Go_Google_play
2562,,Landing_Korzinka_Go_Google_play
2563,,??????? ? ????????? ?????? ? ?? ????????
2564,,??? ?? ???????? ? ???? ? ?? ???????? ?? ??????????
2565,,PR
2566,,Instagram
2567,,"?????? ????????_GF (?? 2?? ?? 3??), ???[22 ???????, ??????]"
2568,,Landing_Korzinka_Go_Google_play
2569,,Landing_Korzinka_Go_Google_play
2570,,??????? ? ????????? ?????? ? ?? ????????
2571,,Korzinka_Web_catalague
2572,,Korzinka_ App_Stories
2573,,Korzinka_App_catalague
2574,,Korzinka_App_catalague
2575,,Korzinka_App_catalague
2576,,Korzinka_App_catalague
2577,,Landing_Korzinka_Go_Google_play
2578,,"ABC ???. ??????? Color 3??[22 ???????, ??????]"
2579,,"????? NAN 3 Optipro 1050?[22 ???????, ???10]"
2580,,"????? NAN 3 Optipro 1050?[22 ???????, ???10]"
2581,,Instagram
2582,,Korzinka_App_catalague
2583,,Korzinka_App_catalague
2584,,"?????? ?????? ???????, ???[22 ???????, ???10]"
2585,,??????? ? ????????? ?????? ? ?? ????????
2586,,Korzinka_Web_catalague
2587,,Korzinka_Web_catalague
2588,,web_site_lending_link
2589,,Korzinka_App_catalague
2590,,Korzinka_App_catalague
2591,,Korzinka_App_catalague
2592,,"VALIO_????? ????????? 82% ???[22 ???????, ??????]"
2593,,????
2594,,Landing_Korzinka_Go_Google_play
2595,,"????? NAN 3 Optipro 1050?[22 ???????, ???10]"
2596,,"?????? ????????_GF (?? 2?? ?? 3??), ???[22 ???????, ??????]"
2597,,Landing_Korzinka_Go_Google_play
2598,,"C/? ?????? ??????? ???????.230? ???./b69[22 ???????, ???10]"
2599,,??? ?? ???????? ? ???? ? ?? ???????? ?? ??????????
2600,,web_site_lending_link
2601,,??? ?? ???????? ? ???? ? ?? ???????? ?? ??????????
2602,,Instagram
2603,,Korzinka_App_catalague
2604,,??? ?? ???????? ? ???? ? ?? ???????? ?? ??????????
2605,,Korzinka_Web_catalague
2606,,Meta_CPM
2607,,Meta_CPM
2608,,"????? ????????? ????-?????? 800?[22 ???????, ???10]"
2609,,Lockscreen_app_link
2610,,Landing_Korzinka_Go_Google_play
2611,,??????? ? ????????? ?????? ? ?? ????????
2612,,??? ?? ???????? ? ???? ? ?? ???????? ?? ??????????
2613,,Korzinka_App_catalague
2614,,Telegram
2615,,Landing_Korzinka_Go_app_store
2616,,Korzinka_Web_catalague
2617,,"?????? ?????? ???????, ???[22 ???????, ???10]"
2618,,Meta_CPM
2619,,Korzinka_App_catalague
2620,,Korzinka_App_catalague
2621,,Korzinka_App_catalague
2622,,Landing_Korzinka_Go_Google_play
2623,,Landing_Korzinka_Go_app_store
2624,,??? ?? ???????? ? ???? ? ?? ???????? ?? ??????????
2625,,??? ?? ???????? ? ???? ? ?? ???????? ?? ??????????
2626,,??? ?? ???????? ? ???? ? ?? ???????? ?? ??????????
2627,,Korzinka_Web_catalague
2628,,Korzinka_ App_Stories
2629,,web_site_lending_link
2630,,Landing_Korzinka_Go_Google_play
2631,,??? ?? ???????? ? ???? ? ?? ???????? ?? ??????????
2632,,??? ?? ???????? ? ???? ? ?? ???????? ?? ??????????
2633,,"ALEKSEEVSKOYE sgush s sah 8.5% JB 360g [45][20 ???????, ???10]"
2634,,Korzinka_App_catalague
2635,,Korzinka_App_catalague
2636,,Korzinka_App_catalague
2637,,Korzinka_App_catalague
2638,,"VALIO_????? ????????? 82% ???[22 ???????, ??????]"
2639,,web_site_lending_link
2640,,Korzinka_App_catalague
2641,,Korzinka_App_catalague
2642,,Korzinka_App_catalague
2643,,Korzinka_App_catalague
2644,,????
2645,,Landing_Korzinka_Go_Google_play
2646,,Push App Korzinka Core
2647,,??? ?? ???????? ? ???? ? ?? ???????? ?? ??????????
2648,,Korzinka_Web_catalague
2649,,Landing_Korzinka_Go_Google_play
2650,,Landing_Korzinka_Go_app_store
2651,,web_site_lending_link
2652,,Korzinka_App_catalague
2653,,Korzinka_App_catalague
2654,,????
2655,,Landing_Korzinka_Go_Google_play
2656,,Landing_Korzinka_Go_Google_play
2657,,Landing_Korzinka_Go_Google_play
2658,,Instagram
2659,,Korzinka_App_catalague
2660,,??? ?? ???????? ? ???? ? ?? ???????? ?? ??????????
2661,,Korzinka_App_catalague
2662,,Landing_Korzinka_Go_Google_play
2663,,Landing_Korzinka_Go_Google_play
2664,,Korzinka_App_catalague
2665,,Korzinka_App_catalague
2666,,Landing_Korzinka_Go_Google_play
2667,,Meta_CPM
2668,,Lockscreen_app_link
2669,,Landing_Korzinka_Go_app_store
2670,,Korzinka_App_catalague
2671,,Korzinka_App_catalague
2672,,Korzinka_App_catalague
2673,,Korzinka_App_catalague
2674,,????
2675,,Landing_Korzinka_Go_Google_play
2676,,Instagram
2677,,Korzinka_App_catalague
2678,,"VALIO_????? ????????? 82% ???[22 ???????, ??????]"
2679,,??????? ? ????????? ?????? ? ?? ????????
2680,,"???? ????????? ?/???? 365 kun 2??[22 ???????, ??????]"
2681,,"???.?????? Alpen Gold ???????? 85?[21 ???????, ???10]"
2682,,Korzinka_App_catalague
2683,,Landing_Korzinka_Go_Google_play
2684,,Push App Korzinka Core
2685,,??? ?? ???????? ? ???? ? ?? ???????? ?? ??????????
2686,,web_site_lending_link
2687,,"????? NAN 3 Optipro 1050?[22 ???????, ???10]"
2688,,Instagram
2689,,??????????? ???????? ??? ??? ????????
2690,,Landing_Korzinka_Go_Google_play
2691,,Push App Korzinka Core
2692,,??? ?? ???????? ? ???? ? ?? ???????? ?? ??????????
2693,,Meta_CPM
2694,,??????? ? ????????? ?????? ? ?? ????????
2695,,Korzinka_App_catalague
2696,,Korzinka_ App_Stories
2697,,Korzinka_App_catalague
2698,,Korzinka_App_catalague
2699,,Telegram
2700,,"VALIO_????? ????????? 82% ???[22 ???????, ??????]"
2701,,"SHERIN_??????? ???????? 700?? ± 20??[22 ???????, ???10]"
2702,,??? ?? ???????? ? ???? ? ?? ???????? ?? ??????????
2703,,??? ?? ???????? ? ???? ? ?? ???????? ?? ??????????
2704,,Korzinka_Web_catalague
2705,,Landing_Korzinka_Go_app_store
2706,,??????? ? ????????? ?????? ? ?? ????????
2707,,Landing_Korzinka_Go_app_store
2708,,Meta_CPM
2709,,Landing_Korzinka_Go_Google_play
2710,,Instagram
2711,,web_site_lending_link
2712,,Korzinka_App_catalague
2713,,Korzinka_App_catalague
2714,,Korzinka_App_catalague
2715,,Landing_Korzinka_Go_Google_play
2716,,Landing_Korzinka_Go_Google_play
2717,,Landing_Korzinka_Go_app_store
2718,,??????? ? ????????? ?????? ? ?? ????????
2719,,"???? ??? ??? ?????????? ? ?????????, ???? ???? ? ?????[22 ???????, ???10]"
2720,,Korzinka_App_catalague
2721,,Landing_Korzinka_Go_app_store
2722,,??? ?? ???????? ? ???? ? ?? ???????? ?? ??????????
2723,,web_site_lending_link
2724,,Korzinka_App_catalague
2725,,"ARIEL_???.??????? ""lenor effect"" 3??[20 ???????, ??????]"
2726,,??? ?? ???????? ? ???? ? ?? ???????? ?? ??????????
2727,,Instagram
2728,,web_site_lending_link
2729,,Korzinka_App_catalague
2730,,Korzinka_App_catalague
2731,,Korzinka_App_catalague
2732,,Korzinka_App_catalague
2733,,??????? ??? ?? ???????? ????????
2734,,"VALIO_????? ????????? 82% ???[22 ???????, ??????]"
2735,,Landing_Korzinka_Go_Google_play
2736,,Landing_Korzinka_Go_Google_play
2737,,Korzinka_Web_catalague
2738,,Instagram
2739,,Korzinka_App_catalague
2740,,????
2741,,"SHERIN_??????? ???????? 700?? ± 20??[22 ???????, ???10]"
2742,,Landing_Korzinka_Go_Google_play
2743,,??? ?? ???????? ? ???? ? ?? ???????? ?? ??????????
2744,,Korzinka_Web_catalague
2745,,Korzinka_App_catalague
2746,,"VALIO_????? ????????? 82% ???[22 ???????, ??????]"
2747,,??????? ? ????????? ?????? ? ?? ????????
2748,,"???? ????????? ?/???? 365 kun 2??[22 ???????, ??????]"
2749,,"????? NAN 3 Optipro 1050?[22 ???????, ???10]"
2750,,Korzinka_App_catalague
2751,,Korzinka_App_catalague
2752,,Lockscreen_app_link
2753,,"SHERIN_??????? ???????? 700?? ± 20??[22 ???????, ???10]"
2754,,Landing_Korzinka_Go_Google_play
2755,,Push App Korzinka Core
2756,,??? ?? ???????? ? ???? ? ?? ???????? ?? ??????????
2757,,??? ?? ???????? ? ???? ? ?? ???????? ?? ??????????
2758,,Korzinka_Web_catalague
2759,,"?????. ?????????? 365 kun 1000?[22 ???????, ???10]"
2760,,"VALIO_????? ????????? 82% ???[22 ???????, ??????]"
2761,,????
2762,,??????? ? ????????? ?????? ? ?? ????????
2763,,Korzinka_Web_catalague
2764,,Korzinka_ App_Stories
2765,,Korzinka_App_catalague
2766,,"VALIO_????? ????????? 82% ???[22 ???????, ??????]"
2767,,Landing_Korzinka_Go_app_store
2768,,Landing_Korzinka_Go_app_store
2769,,??? ?? ???????? ? ???? ? ?? ???????? ?? ??????????
2770,,Meta_CPM
2771,,"VALIO_????? ????????? 82% ???[22 ???????, ??????]"
2772,,Korzinka_App_catalague
2773,,??? ?? ???????? ? ???? ? ?? ???????? ?? ??????????
2774,,Korzinka_App_catalague
2775,,Meta_CPM
2776,,web_site_lending_link
2777,,Korzinka_App_catalague
2778,,"SHERIN_??????? ???????? 700?? ± 20??[22 ???????, ???10]"
2779,,??? ?? ???????? ? ???? ? ?? ???????? ?? ??????????
2780,,web_site_lending_link
2781,,"VALIO_????? ????????? 82% ???[22 ???????, ??????]"
2782,,Landing_Korzinka_Go_app_store
2783,,Korzinka_App_catalague
2784,,??? ?? ???????? ? ???? ? ?? ???????? ?? ??????????
2785,,Korzinka_Web_catalague
2786,,Korzinka_Web_catalague
2787,,Korzinka_Web_catalague
2788,,Meta_CPM
2789,,Korzinka_App_catalague
2790,,Landing_Korzinka_Go_qr
2791,,Korzinka_Web_catalague
2792,,Korzinka_App_catalague
2793,,"VALIO_????.??? VIOLA ????????? 200??[22 ???????, ???10]"
2794,,"?????? ????????_GF (?? 2?? ?? 3??), ???[22 ???????, ??????]"
2795,,"SHERIN_??????? ???????? 700?? ± 20??[22 ???????, ???10]"
2796,,Landing_Korzinka_Go_Google_play
2797,,Meta_CPM
2798,,Korzinka_App_catalague
2799,,Landing_Korzinka_Go_Google_play
2800,,Korzinka_ App_Stories
2801,,Korzinka_App_catalague
2802,,web_site_lending_link
2803,,Korzinka_App_catalague
2804,,Korzinka_App_catalague
2805,,Korzinka_App_catalague
2806,,Korzinka_App_catalague
2807,,"Nescafe Gold 75?? ?/? ???.[22 ???????, ???10]"
2808,,??? ?? ???????? ? ???? ? ?? ???????? ?? ??????????
2809,,Korzinka_Web_catalague
2810,,AdCollony
2811,,web_site_lending_link
2812,,"???? ????, ???[22 ???????, ???10]"